EmployeeID,Age,HireDate,Phone,EmployeeName
1,91,2022-11-30,5132217609,Annaliese Botten
2,80,2023-02-11,6905470359,Madelon Barwise
3,25,2024-06-13,7814353823,Adrian Gwyn
4,92,2023-08-01,4052402030,Madelon Hammett
5,54,2023-09-22,9025604521,Doralynn Gartrell
6,49,2022-12-29,1778721614,Aloin Crossfeld
7,16,2023-09-27,2407761656,Hannis Fort
8,46,2024-05-25,2893519540,Jelene Gerretsen
9,44,2023-04-07,8223503443,Purcell Dubock
10,62,2023-07-05,3064486217,Wash Dilley
11,46,2024-02-01,8821842225,Dareen Abelov
12,37,2023-03-16,5893734534,Elizabet Gammie
13,64,2024-07-07,7408559354,Jorrie Waterson
14,100,2022-11-11,2062723708,Bendick Roebuck
15,84,2024-09-04,9517219205,Nike Godbert
16,96,2024-01-26,8868949549,Vasily Jiggins
17,23,2022-12-14,4028915037,Chevalier Broseman
18,100,2023-07-16,5692572154,Roberto Lloyd-Williams
19,86,2024-01-29,2497474739,Margy Grinin
20,72,2023-06-13,4055032136,Torre Prettyman
21,32,2024-07-07,4947147334,Launce Corradetti
22,49,2023-12-17,8816022281,Nonie Fairtlough
23,76,2023-02-21,3128846700,Lorain Eilhersen
24,42,2023-08-21,9192381102,Haydon Netherclift
25,54,2022-12-24,9233566500,Anatollo Lipmann
26,27,2023-08-02,3203694644,Pamela Strotone
27,77,2023-03-24,6534495742,Tildi Lening
28,20,2022-11-19,2009254170,Rona Dumphries
29,83,2024-10-06,7733737237,Sapphire Baudoux
30,95,2024-06-05,3455300466,Etta Pharaoh
31,77,2023-08-03,8514143294,Tiphany Koles
32,24,2023-10-19,2389218751,Harlin Beville
33,46,2023-12-21,1126647244,Ashley Sindell
34,47,2022-12-01,3533605385,Juliet Helwig
35,32,2024-04-24,8445703304,Cirilo Lequeux
36,86,2023-11-07,4487158762,Eugine Henrichs
37,58,2024-09-14,4309782369,Esmeralda Errigo
38,17,2023-11-23,5396166526,Guillaume MacTague
39,25,2023-09-07,5414446504,Sandi Goudie
40,84,2024-09-15,5898526732,Eirena Furman
41,54,2024-06-16,8648133487,Simmonds Mousdall
42,96,2023-05-08,4872397276,Berte Marchi
43,63,2023-08-24,4729035054,Sven Timperley
44,32,2024-02-06,2027005669,Henrieta Duffer
45,21,2023-11-09,7173920001,Lyman Cutforth
46,75,2023-04-25,8344033638,Roy Sogg
47,89,2024-07-19,9815652772,Modesty Chaffyn
48,23,2024-10-15,8398508245,Horace Bispham
49,52,2024-10-04,4428305173,Ysabel Kildale
50,48,2024-07-29,6936673705,Bell Gilliatt
51,25,2024-05-10,2278614604,Karoly Abele
52,18,2023-09-20,5679878874,Maighdiln Nightingale
53,30,2024-06-18,4305106535,Lorens Dehm
54,63,2023-04-17,2304652873,Cathyleen Vodden
55,73,2023-12-22,7092811118,Vachel De Normanville
56,27,2023-04-16,8181073237,Melesa Michelmore
57,54,2022-11-20,7656956465,Nollie Iskower
58,92,2023-02-22,1715041704,Kiley Worboys
59,87,2023-06-08,5539459020,Devy O'Lagen
60,20,2024-05-13,2794569448,Trisha Benkhe
61,59,2024-09-26,7463056438,Corena Weeds
62,68,2022-12-19,8905084660,Mar Schimpke
63,67,2022-11-16,8601734637,Alane Coffee
64,100,2023-05-12,4061524479,Clywd Sammon
65,72,2024-08-06,2573688047,Matthieu Breach
66,85,2023-12-12,4891573707,Denyse McSpirron
67,93,2024-03-10,2716866480,Kippie Gover
68,88,2024-07-02,8981938391,Benni Folbig
69,92,2022-10-25,5511130569,Dee Fidler
70,43,2024-01-05,4668781555,Loydie Lagde
71,29,2023-08-22,8604436474,Sibeal Rounds
72,74,2022-11-07,1528212250,Mollie Glazyer
73,81,2024-01-28,5148952151,North Lang
74,69,2022-12-24,1196059776,Base Bresman
75,85,2023-06-30,4038277066,Mathe MacCahey
76,86,2023-11-20,8292463238,Garnette Stenning
77,30,2023-02-21,8274506502,Meaghan Blown
78,72,2024-08-07,2429996286,Port Fibbit
79,59,2024-04-15,9296297355,Meier Hubeaux
80,69,2022-12-02,5069011978,Brandtr Lightbown
81,28,2024-10-03,3846610404,Baxy Shea
82,69,2023-08-27,2364475988,Inez Powe
83,98,2023-01-09,1977485597,Sibeal Bourne
84,17,2022-11-02,1697317940,Noland Shevlane
85,30,2023-04-23,7065434960,Gilburt Orknay
86,31,2022-12-04,7528753561,Boy Cullon
87,77,2024-05-04,2877824540,Eloise Elles
88,72,2023-09-06,5016989770,Jourdan Relton
89,23,2023-05-08,1926714549,Edithe Langstone
90,60,2024-10-07,1776991377,Amber Rasper
91,86,2024-01-23,1453833309,Ealasaid Lebrun
92,48,2024-07-13,6968331659,Marni Grabban
93,79,2023-07-22,8893125915,Hyatt Widdup
94,51,2023-03-21,8757427195,Rodge Detoc
95,30,2024-02-16,5231375196,Bobbie Powney
96,83,2023-01-14,2381552273,Fin Getcliff
97,27,2023-02-15,6415201763,Edgard Constantinou
98,50,2023-06-04,8216312151,Yancy Shillitto
99,42,2024-04-25,8998832796,Rouvin Wooster
100,66,2024-03-27,9456435801,Merilee Keford
101,45,2023-03-16,5837302135,Ezekiel Milthorpe
102,68,2024-07-28,2795829777,Emmeline Baal
103,42,2023-01-23,4012312132,Sydelle Pardue
104,53,2023-02-27,1156202042,Natalie Lissaman
105,75,2023-07-26,4468232126,Saundra Hamor
106,33,2024-04-29,6368049362,Ronny Forst
107,77,2023-01-28,2842603119,Tedie Procter
108,78,2024-08-27,4211205156,Haywood Hildred
109,60,2024-08-07,6544335796,Tailor Woodsford
110,57,2023-12-15,6711215374,Andriana Dunican
111,82,2023-01-29,5521815547,Idaline Nezey
112,47,2023-10-06,7712890680,Cindie Ashford
113,83,2022-12-27,8511789634,Nathan Rowswell
114,53,2023-01-20,3006924631,Jule Bente
115,98,2024-01-08,6526471917,Bonita Surmeir
116,61,2024-06-26,6909091772,Phil St Angel
117,26,2023-03-10,5521655579,Cheslie Vasiljevic
118,33,2024-06-19,7688204454,Shelley Repp
119,39,2023-12-27,1019450698,Claudelle Vasey
120,35,2023-07-15,8875570027,Pavla Arran
121,46,2023-03-01,3696269038,Vincenz Widdup
122,21,2023-11-02,9087880271,Nickolas Hunnam
123,56,2024-05-31,7628430678,Carlos Neward
124,71,2024-04-10,3183973296,Roosevelt Medlicott
125,32,2024-10-01,3852333092,Alyda Selvester
126,69,2023-04-20,8928742665,Marsiella Tollow
127,80,2024-07-19,2672964332,Byrann Killik
128,99,2023-06-14,6932781915,Ruperto Hasnip
129,26,2023-11-05,5824265229,Emera D'Alesio
130,52,2023-06-04,2953976455,Em Albrook
131,43,2023-03-03,8621574484,Amalita Loughlan
132,57,2022-10-20,3727816175,Chrisse Nystrom
133,96,2023-11-22,8845298750,Perri Conisbee
134,97,2023-01-29,9227090430,Iago Goede
135,20,2022-10-24,5162389617,Leone Revan
136,94,2023-04-29,8867661786,Portie Baggelley
137,40,2024-08-02,4533247761,Pieter MacKain
138,36,2022-11-19,3395857271,Esdras Murton
139,70,2023-11-29,2552557012,Damara MacCollom
140,63,2023-01-26,3952212246,Alessandro Petrazzi
141,94,2023-08-18,8369919539,Janessa Coventon
142,24,2024-06-03,1699950293,Stephan Macey
143,74,2023-11-25,6718498818,Curtice Copnar
144,61,2024-09-02,5911664574,Keelby Tchir
145,69,2023-09-08,8968296124,Kalle Kighly
146,94,2022-11-16,1272928687,Atlante Brightey
147,38,2023-10-06,9698959461,Jonell Yoseloff
148,86,2024-02-01,2473361061,Gilda Trevers
149,43,2024-10-17,8047931015,Mariann Hove
150,41,2023-06-26,4365437710,Nealy Lineker
151,88,2024-07-31,4097310290,Millicent Robey
152,91,2024-09-17,4344451626,Krystalle Weston
153,70,2024-04-03,8714027971,Dorris Emmines
154,20,2023-10-17,6846792772,Nanni Glaum
155,40,2022-12-16,6169881539,Florina Vasic
156,74,2024-08-21,1094818460,Eliza Tweedy
157,33,2024-01-15,4506693358,Sarene Hiscocks
158,87,2024-03-21,8427585990,Bethina Rathke
159,31,2023-08-04,7163099682,Isobel MacCook
160,62,2022-12-13,3271654829,Kara Garthshore
161,26,2024-02-18,1288414241,Leta Sollner
162,26,2024-08-05,4174413457,Giulio McAughtry
163,55,2023-12-07,8036382514,Brendis Trobridge
164,96,2023-03-18,7655213648,Reinwald Petyankin
165,78,2023-06-09,7488865472,Romonda Heigho
166,85,2024-04-02,9029091491,Galvin Durbridge
167,26,2024-09-04,1482304803,Homer Howe
168,62,2022-12-31,6832048460,Ailene Tohill
169,92,2023-07-01,6941274736,Rad Lanston
170,49,2022-12-26,9145595276,Geoffry Dulson
171,94,2024-07-11,1488162405,Estrellita Ellerman
172,63,2023-04-26,6576830635,Raynor Collingworth
173,66,2023-01-30,1743049598,Vilhelmina Pease
174,68,2024-09-19,2732500260,Rianon Mogra
175,21,2023-09-03,5182277408,Bourke Bird
176,92,2023-08-04,1119166961,Hermine Morewood
177,48,2024-05-04,7161864938,Chickie Machon
178,15,2023-11-26,5845248460,Drugi Duiged
179,36,2023-01-23,1666188534,Arlen Pigford
180,47,2023-01-19,3003529463,Alfonse Braxton
181,20,2022-12-28,5733013965,Sky Konrad
182,30,2023-07-19,5669977817,Rip Sisse
183,61,2024-04-11,6201583152,Tate Colwill
184,60,2024-04-26,9932273989,Micheil Maisey
185,15,2023-06-05,3481802476,Germaine McWhin
186,93,2024-07-17,1994970888,Lorelei Geertz
187,45,2023-05-07,5553480519,Jimmy McMichan
188,33,2023-07-03,2994352374,Barret Whetland
189,16,2024-09-24,2067413824,Darrell De Carlo
190,29,2024-05-17,2251160943,Norri Preble
191,76,2024-08-20,6459564808,Clyve Benck
192,69,2024-03-24,7514624011,Wilfrid Hairs
193,90,2023-08-28,2081806994,Meier Lorenc
194,37,2023-06-06,1004689174,Kristoffer Shucksmith
195,36,2024-05-29,5905485391,Blisse Ipsgrave
196,26,2024-09-09,4925483904,Betteann Trimmell
197,56,2022-12-12,9918048762,Jordain Cowden
198,67,2024-09-25,4519509275,Sadie Cortnay
199,19,2023-04-30,3648639440,Tamqrah Brammer
200,72,2024-03-13,1013986400,Miriam Flaunders
201,31,2022-10-25,2627061807,Emmy Kemitt
202,48,2024-03-01,6497360606,Arlette Oertzen
203,30,2022-12-13,5615912417,Harlin Curnock
204,82,2023-03-17,1889496406,Monroe Diggins
205,38,2024-02-13,1757656555,Guglielma Lakenton
206,24,2023-07-04,9604648267,Yolanda Bolam
207,69,2024-09-04,9751189760,Larry Nolot
208,69,2022-11-14,3704374183,Clarie Volante
209,32,2023-11-01,3992876132,Myca Riggulsford
210,78,2022-12-23,6788399813,Chaddie Drayton
211,61,2024-03-18,5493930854,Gabe Oakes
212,31,2023-08-02,9312797343,Ellene Britcher
213,77,2023-08-07,7504962351,Glory Neale
214,44,2023-02-25,3682012419,Rubin Duchasteau
215,39,2024-07-27,2024623770,Berty Guymer
216,64,2024-09-04,7133003555,Raquel Walpole
217,30,2024-09-26,6869712769,Esme Cruttenden
218,46,2023-01-04,7491853441,Ulberto Bernadot
219,77,2024-05-18,7294401333,Carmencita Kringe
220,58,2024-10-16,1358291602,Sonnnie La Torre
221,30,2023-06-20,9042530622,Ayn Shipman
222,40,2022-11-10,7353062210,Fabe Kettow
223,27,2023-04-16,9007825854,Christina Barlthrop
224,39,2024-08-14,7426252884,Germana Hold
225,16,2022-12-03,1897900029,Aguistin Kinnett
226,36,2024-08-11,8663425933,Francklyn Clover
227,70,2022-11-29,2967360119,Adore Letchmore
228,54,2024-10-14,4208684769,Maridel Lemonby
229,39,2024-08-02,2599608830,Kaela Ivimy
230,64,2023-10-20,6507262413,Fancy Tilly
231,69,2023-11-17,3898102333,Had Titchard
232,57,2024-06-12,7561304478,Sigrid Dreelan
233,54,2023-06-25,4435615082,Spike Legg
234,71,2024-03-16,2988126979,Arlina Longbothom
235,52,2023-08-07,5996038565,Evey Allchin
236,22,2023-11-23,6297861684,Denny Longhirst
237,58,2024-06-18,2226256037,Adrea Giacobillo
238,74,2023-09-16,4741712954,Gael Clipson
239,16,2023-04-26,4333768803,Georgena de Verson
240,38,2022-11-21,3443583791,Leland Elie
241,94,2023-04-07,6977585006,Meier Summerlad
242,71,2023-10-18,5857444414,Lewes Bettles
243,17,2023-06-27,3049688774,Irvin Ratke
244,66,2024-08-17,3857728745,Freida Akhurst
245,15,2023-05-28,8337581446,Leonidas Stonhewer
246,74,2023-04-05,8655352406,Shaw Fruchter
247,72,2022-12-13,9344326348,Allix Pfleger
248,48,2023-06-14,1606394511,Scottie Vuitte
249,95,2023-11-16,2328649995,Bearnard Craggs
250,31,2023-02-14,3243852441,Marjy Vasichev
251,50,2024-06-28,1307398977,Keane Millberg
252,94,2024-08-22,5182077824,Neil Behrens
253,59,2024-07-27,4215806473,Elie Astlet
254,56,2023-12-07,3366172045,Abbi Dunkerton
255,85,2024-05-05,1578641872,Alwin Assel
256,33,2022-12-27,4629762414,Bev Hazelgrove
257,75,2022-11-19,4377561444,Humphrey Wickenden
258,21,2024-10-02,9667370444,Killy Chaffey
259,45,2022-12-21,1909344899,Elihu Hasard
260,89,2023-07-21,6346650299,Leisha Pylkynyton
261,94,2024-10-02,5788044951,Broderick Leborgne
262,94,2023-08-12,3457735881,Marquita Ertel
263,64,2023-08-16,1457989636,Patrizius Spincks
264,47,2023-04-06,6062187864,Enid Cess
265,34,2024-05-11,1275038438,Arabelle Hebdon
266,19,2023-11-09,6836394216,Gianna Crampin
267,74,2024-03-09,1596953211,Charlotte Lascelles
268,93,2023-01-15,1876966679,Elle Devonside
269,72,2023-06-04,4653737237,Jennilee Jubert
270,89,2024-02-16,2195300264,Tonia Stockbridge
271,47,2023-05-20,3666618607,Aprilette Ruppelin
272,69,2023-07-01,3703026059,Russ Itzkovsky
273,70,2023-06-14,1923727627,Sally Robeiro
274,58,2024-05-17,9697860635,Annalise Boyington
275,39,2023-12-29,4356785896,Scarlet Mustarde
276,88,2023-12-11,3062979809,Vonni Crookshank
277,42,2023-03-25,8141398613,Levon Bedells
278,64,2023-07-27,1213512973,Jocko Barabisch
279,86,2024-02-13,2531077806,Analiese Samuels
280,69,2024-09-30,5617722114,Aurore Gerwood
281,21,2023-04-17,1768821243,Gael Mugford
282,68,2024-06-08,8563803778,Cullen Cristofano
283,95,2024-04-13,6228850558,Fancie Gravet
284,99,2023-09-27,1472302882,Curr Sisley
285,66,2022-12-31,1561202063,Davida Dadson
286,29,2024-02-21,2289453794,Paton Wrathmall
287,27,2022-12-24,6747857677,Doria Butchard
288,87,2023-10-10,8953758323,Prescott Clemente
289,31,2023-07-10,4041594003,Rosalie Redmile
290,97,2023-11-18,3477787687,Rourke Douty
291,51,2023-08-05,5692827008,Anjanette Tewkesbury
292,94,2022-11-30,9348802423,Bale Madders
293,51,2024-07-22,5397509553,Riordan Haker
294,88,2022-12-17,8625720315,Eldin Spriddle
295,68,2023-03-08,6689080833,Giordano Hatchett
296,23,2023-10-18,7514298034,Jamie Stiebler
297,57,2023-06-02,5375891709,Elinor Iglesiaz
298,19,2024-08-22,9857301867,Juliana Mathewes
299,29,2023-04-03,7754572870,Tam Sexcey
300,25,2023-08-07,6597716424,Hinze Bischoff
301,69,2024-08-13,3564625178,Letty Friberg
302,74,2023-01-09,5149691248,Curran Everix
303,35,2024-09-19,9169447090,Alane Hollebon
304,58,2024-10-07,8393740769,Caryn Southward
305,27,2023-09-19,2748819039,Boycey Alway
306,35,2024-05-15,2696307238,Rube Grossman
307,28,2024-09-18,1129465913,Emili Sempill
308,97,2024-03-02,6643123444,Gay Godridge
309,74,2023-01-26,3649165981,Harlene Bernot
310,43,2023-08-27,6054361675,Ibbie Rattenberie
311,74,2024-03-09,3825361959,Korney Boate
312,74,2023-03-06,6679054659,Minnnie Aubrun
313,42,2024-06-02,9597291806,Elizabet Meacher
314,77,2023-08-29,6442671277,Fanchette Dundridge
315,76,2024-09-07,4129956035,Jed Avo
316,73,2024-08-17,8125418248,Federico Constable
317,71,2023-01-09,3052365233,Henrie Veltman
318,95,2023-04-12,1087091487,Courtney Louth
319,62,2024-03-11,5416060021,Boycie Kermon
320,52,2024-06-01,3038827598,Jasmina Shackleton
321,51,2022-12-18,7781250184,Margette Chaudret
322,61,2024-06-04,7269184711,Glynn Borne
323,61,2023-10-30,1201590704,Colan Mushet
324,46,2024-07-26,8931499259,Vernen MacEnelly
325,54,2023-03-19,4274040187,Tab Huster
326,100,2024-09-03,1301167370,Allis Jedrys
327,38,2023-02-01,7896950273,Carlin Foskin
328,88,2024-09-02,4593726595,Windy Cassells
329,95,2024-04-24,2898515299,Nathalia Whatling
330,93,2023-12-09,3313468967,Ramon Wickersley
331,34,2023-03-27,6505995072,Patsy Ends
332,29,2023-02-17,3173655688,Thorny Hedling
333,100,2023-11-01,2907249198,Jimmy Frost
334,79,2023-03-17,8643947263,Florry Hamal
335,82,2023-02-08,2015411285,Rafael de Aguirre
336,29,2024-01-07,6318967313,Trefor Cawsey
337,49,2023-09-01,7506627464,Marianne Rubinsky
338,58,2023-08-28,8474261816,Audra Adamov
339,97,2024-02-27,1494993567,Eustace Eustice
340,45,2024-06-12,2722288088,Idette Oldridge
341,60,2023-07-13,2147219106,Hinda Nugent
342,35,2024-09-06,9207159731,Kenn Mabe
343,25,2023-05-23,8166408644,Joelynn Hanaford
344,76,2024-09-02,4368464344,Arny Molesworth
345,62,2024-10-02,2209657899,Heall Bywater
346,48,2024-06-24,2766258608,Valry Blease
347,99,2022-12-11,6379663190,Natala Keddey
348,17,2024-10-14,1763195962,Branden Tarbox
349,34,2024-02-08,8513971548,Philipa Arlow
350,100,2024-10-07,8508766819,Robbin Joblin
351,64,2024-03-03,9311187112,Noella Dericut
352,55,2024-08-22,7273743391,Eimile Jodkowski
353,41,2024-09-04,1137122279,Fernanda Lawton
354,99,2023-06-06,4385890992,Gaile Jakucewicz
355,15,2024-03-21,1621595200,Danica Waldren
356,33,2023-02-27,2652531949,Tris Whates
357,51,2023-01-17,8169693507,Madelaine Stevings
358,24,2024-07-24,9293294210,Russ Bortolazzi
359,72,2023-07-19,6038840778,Anya Oboy
360,48,2023-05-23,2056558034,Meta Aggio
361,89,2022-12-13,9145763691,Ansley Bice
362,60,2023-06-13,5094952870,Christan Laffling
363,53,2024-02-22,4557885928,Jermaine Kampshell
364,71,2023-03-06,8332538727,Rikki Kither
365,23,2024-03-28,9835914644,Gardiner Challicombe
366,47,2024-09-18,2544810590,Aldis Airth
367,86,2024-01-09,4463034599,Thatch Doddridge
368,26,2024-06-24,2377272554,Fax Fuente
369,55,2024-06-20,9765903991,Clayson Smurfitt
370,42,2024-03-06,1794851020,Octavius Tire
371,41,2023-05-08,4801453104,Benton Lampke
372,52,2022-11-22,5466800855,Oralie Lichtfoth
373,79,2024-04-25,3133930670,Norby Philipeaux
374,75,2022-12-12,4875224054,Donnajean Ranklin
375,49,2024-02-20,5642151408,Fanchette Whiteley
376,65,2024-05-15,8163959678,Bonita Grestie
377,65,2024-02-10,3988377589,Batsheva Van den Oord
378,96,2024-09-21,3555374624,Moses Burnel
379,38,2023-09-18,2183170960,Sayre Berkely
380,25,2024-07-09,1223191039,Merci Velden
381,74,2023-12-15,6258356185,Chrissie Glossup
382,65,2022-12-31,7139647747,Cross Bramer
383,82,2024-01-03,4095391713,Pia Haken
384,32,2024-04-05,2007475810,Nevil Picknett
385,55,2022-10-26,9513157900,Muffin Dowsey
386,49,2024-03-29,2297026106,Hatty Rotham
387,70,2023-11-20,9734933363,Karlens Crothers
388,51,2024-03-29,9417498822,Fancie Sickling
389,48,2024-04-07,8439922065,Onfroi Shergill
390,58,2024-07-21,7976034484,Modestine Scroggie
391,76,2023-10-19,8318496304,Biddy Insull
392,98,2024-10-06,6378552253,Gael Possel
393,57,2024-09-15,4379340931,Daria Chin
394,44,2024-06-27,3799681537,Wit Greensall
395,63,2023-02-01,1957817141,Major Antonsen
396,91,2024-08-07,8618928785,Bennie McKiernan
397,94,2023-07-22,8218493865,Cthrine Ibberson
398,41,2024-10-16,9548921920,Sadella Placido
399,82,2023-02-16,6297530214,Isidoro Laming
400,59,2023-12-11,1328009998,Llewellyn Rymill
401,93,2024-07-31,1932235546,Janela Ogger
402,39,2022-12-01,4743728950,Beryle Kubicka
403,95,2023-07-19,5979939054,Michal Fleischer
404,49,2022-11-22,2116527333,Berni Muge
405,23,2023-11-19,1757542740,Carmine Addyman
406,48,2023-05-01,5859752745,Rene Kearley
407,79,2024-09-19,3149195987,Jacob Vann
408,43,2024-04-03,9655408849,Brittani O'Doherty
409,56,2022-11-23,4253671799,Linea Bunclark
410,99,2023-11-11,1147380980,Deloris Rossbrook
411,16,2024-04-30,2997495932,Pippa Lambswood
412,24,2023-11-18,9805873272,Cori Faherty
413,22,2024-03-03,7899572135,Cordelia Latour
414,99,2022-11-21,6951945008,Aryn Kesby
415,29,2023-03-09,8328456206,Elwyn Peers
416,42,2023-09-22,3357914968,Art Pietersen
417,52,2023-11-14,7132607319,Donal Sadlier
418,32,2024-06-08,5773853266,Erica Race
419,16,2023-11-09,1387308973,Gabriela Ponsford
420,48,2023-11-28,4145528995,Lucias Wheelan
421,71,2024-09-14,2184762142,Horten Pietrusiak
422,37,2024-06-27,3951736672,Arleyne Burdon
423,39,2022-12-30,7481871483,Terry Kruschev
424,78,2023-07-03,5278788303,Sauveur Dinse
425,24,2024-07-07,1537382453,Melinda McGrey
426,39,2023-07-29,8135126452,Abelard Braden
427,99,2023-10-10,6931542181,Junette Bogey
428,47,2022-11-04,7134628216,Marchelle Stodhart
429,89,2024-07-23,5526367139,Cahra Clery
430,74,2022-11-15,9755730527,Sebastien Veall
431,58,2023-11-12,8871153745,Eden Stallan
432,96,2024-07-19,4782951841,Malvina Duckerin
433,28,2023-11-28,5317113267,Earlie Newens
434,51,2023-06-29,5589151011,Tiffanie Cordie
435,22,2024-05-08,9001475662,Bartholemy Mangion
436,63,2024-09-09,2537003782,Bride Anthes
437,31,2023-05-19,8538465211,Bernita Eastbrook
438,62,2024-10-06,5288135433,Sylvia Cradey
439,24,2023-05-26,4275605347,Lazarus Maypowder
440,75,2024-01-24,1206411929,Spike DeSousa
441,44,2023-04-15,5886652997,Maire Nortunen
442,68,2024-09-30,5366115269,Katerina Ewers
443,43,2024-03-14,6675644886,Inge Grebner
444,27,2023-06-05,4879570097,Marlena Neicho
445,49,2024-07-25,2733546884,Dacia Leadston
446,63,2022-11-07,9938456675,Giffy Derwin
447,51,2023-01-26,6526651828,Lacey Banes
448,40,2023-10-29,9134738312,Siobhan Kop
449,65,2023-10-10,3543156117,Simonette Legging
450,90,2023-10-15,2988902725,Felicity Burner
451,55,2024-01-23,5257270728,Adrianna Smyley
452,58,2024-01-06,5854473839,Ernestine Godthaab
453,63,2023-05-05,5008938775,Leilah Cherm
454,23,2023-09-01,5342701359,Athena Jachtym
455,56,2023-12-20,5091209676,Andy Gainsburgh
456,77,2023-01-22,2134503310,Kean Tomblett
457,96,2023-04-09,3545669275,Brock Hun
458,98,2023-11-25,5918107771,Shalna Blasl
459,34,2024-02-13,8765502074,Nye Redihalgh
460,47,2023-01-02,1388797989,Krista Gilstin
461,96,2024-01-17,3604216801,Burgess Pilsbury
462,72,2023-03-13,1426160518,Shellysheldon Neubigging
463,48,2023-06-27,5476149313,John Port
464,34,2024-08-02,8847027079,Randi Howard
465,76,2023-06-20,6075487063,Heda Sineath
466,54,2022-12-30,2711176788,Carey Wolver
467,50,2023-10-12,3396034048,Karoly Moreland
468,99,2022-12-27,3552043481,Zarla O'Lunny
469,77,2024-04-03,3201129234,Angie McCorley
470,95,2022-11-14,4077868785,Worthington Geraldi
471,68,2024-09-19,2829324076,Lucius Knifton
472,53,2024-01-17,8559617511,Ty Turfitt
473,63,2023-03-13,2256693424,Paquito Lindup
474,31,2023-12-07,9362067591,Joycelin Mansfield
475,34,2024-09-22,5212211386,Renard Hulls
476,66,2023-02-06,1247728995,Lisa Simek
477,62,2024-07-14,4036549070,Alica Tummond
478,25,2023-04-29,9046138496,Johan Hallford
479,28,2023-12-25,3735891660,Emyle Jojic
480,92,2022-11-14,8509801378,Cristine Jeste
481,62,2023-05-04,2873406342,Jannelle Hursthouse
482,55,2023-03-18,8014072819,Roseanna Lavelle
483,44,2023-07-04,9927031124,Wallis Brute
484,33,2023-02-15,2517123362,Flore Latch
485,97,2022-12-08,3982655637,Binky Betun
486,64,2024-01-11,8639785438,Elonore Leneve
487,80,2024-05-18,8483871333,Nedi Herity
488,88,2023-09-11,9908237850,Cletus Garmons
489,60,2023-10-12,2095220325,Gavan Chesman
490,60,2022-11-12,4333437208,Toma Fairhead
491,92,2023-12-17,5602129396,Chrissy Propper
492,24,2023-04-25,2603160242,Nial Demetr
493,36,2024-07-22,7022827632,Emilie Tommaseo
494,90,2022-11-15,7765402288,Jan Woffinden
495,28,2023-10-09,4055253705,Juli Bellamy
496,22,2023-01-09,9923664121,Meredith Usherwood
497,48,2023-01-31,5733994010,Thorn Kristoffersen
498,19,2024-09-01,9689404725,Skipper Niset
499,81,2023-09-09,2076537483,Winfield Brasse
500,84,2024-03-15,3247932902,Birgitta Howood
501,84,2024-08-26,7566422785,Bellina Vanyard
502,76,2023-03-14,1574771619,Nikola Imort
503,80,2024-04-12,8226419123,Janaya Abrahamoff
504,21,2024-02-01,5136477522,Benjamin Rhymes
505,40,2023-09-12,9624705526,Hale Haller
506,54,2024-02-26,9345358284,Lee Leving
507,90,2024-08-09,6521158027,Sven Marchington
508,76,2024-08-06,9791300537,Lamont Cescon
509,18,2024-08-18,4942782904,Veronike Belsham
510,36,2024-02-04,5052651795,Art Banaszkiewicz
511,71,2023-05-15,2483720843,Emanuele Murkus
512,16,2024-06-17,6527341251,Dara Durgan
513,96,2022-10-21,1818476394,Rafael Yuill
514,58,2024-04-30,2616370902,Flossi Dukesbury
515,51,2022-11-11,5374282152,Margit Baylay
516,26,2022-11-11,4099412794,Latia Jiggens
517,15,2024-06-24,3653386279,Cletis Lingner
518,62,2022-12-05,4206732991,Therine Keedwell
519,74,2023-01-19,8689358372,Alys Gettens
520,85,2024-03-31,7355006316,Tedie Haskins
521,16,2022-11-14,6872657269,Estell Edson
522,37,2023-09-11,9412331100,Hilary Pastor
523,54,2024-03-27,7418984241,Jaquenetta Vigars
524,92,2023-08-01,2044833403,Fletch Beardsdale
525,74,2023-09-11,2189280098,Daisi Duffet
526,58,2023-05-09,9163505903,Madelyn Favelle
527,30,2024-05-26,9367959082,Ole Roarty
528,60,2024-01-27,6903574436,Bord Gaughan
529,33,2024-02-01,6059518055,Tiffie Babinski
530,41,2023-02-09,7211108841,Brynna Offell
531,52,2023-07-19,6375424017,Nada Boor
532,16,2024-02-22,4626090527,Evelyn Gibbett
533,23,2023-10-10,3038932488,Larisa Amiranda
534,40,2024-01-17,3525455152,Johan McCrory
535,73,2023-04-14,1861313681,Jana Freeborn
536,18,2023-07-18,1742813390,Archambault Dickins
537,77,2022-10-22,3513607579,Shurwood Springthorpe
538,29,2023-05-01,1444182809,Tedman Gornal
539,54,2024-02-19,3673888017,Jae Kohnert
540,75,2022-10-20,1136418566,Grace Twycross
541,69,2023-01-16,9045898137,Perceval Vobes
542,43,2024-09-11,1735721905,Vasily Greest
543,75,2023-07-05,6069059128,Raine Hundall
544,20,2024-04-26,5941585312,Cristin Sharphurst
545,76,2024-09-17,5455215477,Rory Somerled
546,84,2022-12-18,8113731104,Mic Gwyllt
547,58,2024-07-03,6065336819,Rene Statersfield
548,70,2023-08-03,2065950695,Sapphira McDirmid
549,84,2023-05-18,9131963263,Leonid Harbidge
550,51,2024-02-02,4181028392,Garey Wagnerin
551,86,2023-10-12,6028734367,Jewelle Hugh
552,18,2023-09-16,7183412657,Charline Gurley
553,73,2023-04-02,7136512306,Nevil Eastby
554,24,2024-02-15,5854701303,Tonie Tawton
555,22,2023-02-07,3105231022,Chrystel Shingler
556,99,2022-10-22,5408407327,Elias Hawkey
557,79,2023-10-03,3341069440,Pauli Matiewe
558,75,2022-11-20,8142563866,Hughie Dockwray
559,86,2024-07-21,7396121789,Vinnie Himpson
560,47,2022-10-27,7851535994,Heinrik Itzcovichch
561,27,2023-07-27,8349600523,Henrieta Van der Kruijs
562,71,2023-12-22,7406337685,Dyanna McKinnon
563,86,2023-07-22,3342316769,Frederik McClintock
564,37,2023-05-13,8847904962,Sile Ofener
565,83,2024-04-05,7809023349,Austine Whartonby
566,76,2023-07-10,7252966579,Shalna Duesbury
567,18,2023-01-16,5177079025,Jemie Swann
568,16,2024-05-23,4015527686,Hilly Vernon
569,26,2023-08-16,9564752450,Stevy Feldfisher
570,73,2024-06-12,2558188711,Nancee Dellenbroker
571,77,2023-04-14,3233864047,Vittoria Hallex
572,70,2023-02-20,3864794328,Orsola Andri
573,62,2024-04-14,3824922699,Winthrop Benbough
574,99,2023-06-16,9423881397,Gifford Ridges
575,92,2024-05-08,7954255142,Aylmar Mosey
576,88,2024-05-22,9967474982,Ethelin Ascroft
577,46,2024-08-22,5718975368,Cornall Mapholm
578,65,2024-06-16,8391979603,Vivian Yellowlee
579,18,2023-05-12,1283251119,Maurie Johnston
580,85,2023-11-19,2381291478,Niall Brandel
581,61,2023-09-25,5355531361,Gabey Davidek
582,68,2024-01-22,7527659613,Sullivan Alchin
583,97,2023-05-29,2429955992,Bord Vallentin
584,57,2023-03-13,8698161116,Kristoforo Rapsey
585,78,2024-06-23,5099456098,Grange Baude
586,85,2024-05-04,8152876863,Ninetta Sills
587,64,2024-08-31,2861314642,Gare Tibb
588,70,2022-11-28,3057539030,Carmina Wycherley
589,26,2024-01-29,8077537211,Enrique Natwick
590,58,2024-10-04,6861699739,Ernestine Le Brun
591,76,2023-09-27,7147178041,Saree Deakan
592,36,2023-01-24,4574500868,Alissa Slocket
593,76,2023-06-07,3864865354,Radcliffe Muriel
594,48,2023-11-06,3807306734,Court Cicconettii
595,76,2023-01-25,2613524159,Latia Backhurst
596,55,2023-08-06,5409418191,Guillaume Grelak
597,33,2022-12-15,1069848933,Melinde Punch
598,23,2023-03-04,3763472052,Lynnette Bruneau
599,36,2023-02-27,4497938462,Valerie Labat
600,77,2024-08-11,3282252943,Morganne Wayte
601,28,2023-10-25,4821508295,Jacinthe Byham
602,42,2024-09-27,2556654264,Gill Ruthen
603,45,2024-05-25,6096630544,George Fowls
604,88,2022-10-27,7338326396,Gualterio Cranney
605,28,2024-04-29,2477910677,Steffen Rudeforth
606,83,2023-04-19,8132012068,Aymer Adamson
607,81,2023-07-17,9979109515,Audry Talbot
608,75,2023-05-17,2498893055,Niki Stockoe
609,97,2023-04-30,9771814451,Willy Keyser
610,67,2024-09-02,2884712518,Gertruda Kitching
611,56,2023-11-26,8025024971,Catherina Zuanazzi
612,75,2024-02-17,6602221523,Camella Finlry
613,83,2024-07-20,5215615665,Guthry Bensusan
614,38,2024-02-22,4547776482,Law Stedell
615,86,2024-10-03,5155362552,Thoma Camber
616,49,2023-06-01,3435125534,Maribel Jeanequin
617,76,2022-10-23,1215734514,Ethelin O'Meara
618,54,2023-12-22,1716359746,Tanhya Tytherton
619,54,2023-01-15,4077926105,Louisa Nutley
620,33,2023-11-01,7386724829,Elias Dunnett
621,29,2024-01-16,7743171464,Fidole Bransom
622,87,2023-09-21,8457188499,Melina McVey
623,78,2024-07-25,6922812399,Camille Ollis
624,81,2023-08-20,6901533796,Bradford Pittway
625,20,2023-02-25,6507941399,Hugh Lathleiff
626,96,2023-03-27,8824589834,Lenora Syson
627,64,2022-12-21,8514250413,Sutton Armes
628,93,2023-01-30,3596845962,Laura Pauleau
629,68,2024-07-12,2587817360,Ruprecht Orehead
630,16,2023-02-21,1487407366,Patti McKennan
631,82,2024-01-23,3222197870,Guss Kinner
632,67,2023-07-22,1639151107,Cord Bonniface
633,38,2023-10-07,2811313875,Steward Stroban
634,40,2023-05-08,6556192759,Camilla Melmar
635,72,2023-09-30,2116024175,Inigo Prestage
636,75,2023-05-04,2338074931,Carolin Ventris
637,38,2023-06-09,3998716397,Edgard Tubritt
638,50,2022-11-27,4387809893,Marylin Gowdie
639,16,2023-12-18,9693391103,Aylmar Risebrow
640,28,2024-07-30,2815723719,Elden Slateford
641,64,2023-08-02,7148034328,Demeter Franklin
642,87,2024-09-16,9953377926,Konrad Hearne
643,56,2024-08-22,7923017716,Hatti Lyston
644,60,2024-07-08,7626594000,Dosi Melbert
645,44,2024-06-14,8202555622,Niki Pennington
646,45,2024-06-16,3964239537,Burl Aldis
647,65,2024-05-15,7949152902,Lian Ellacott
648,53,2024-05-18,5821981254,Nyssa Treace
649,22,2024-07-27,6674203368,Robbyn Geaney
650,42,2022-12-14,9226523784,Olia Feares
651,18,2024-07-25,7086731709,Leoline Aloigi
652,100,2023-11-11,4831001918,Gustave Pitkins
653,45,2024-04-03,4749062171,Raymund Thecham
654,45,2023-12-24,6758240229,Conrade Douris
655,23,2024-03-30,8721891405,Hendrick Chippindall
656,58,2023-01-30,3078335748,Liva Corness
657,41,2022-11-07,3007423795,Gabriello Shiliton
658,85,2023-10-16,1875355925,Matthaeus Bourthouloume
659,52,2024-02-03,7968093151,Lucille Grigoroni
660,37,2023-12-03,1259656424,Antonina Dobing
661,18,2023-12-03,9134590527,Eulalie Gebby
662,84,2023-05-31,8521839810,Alameda Abramovitch
663,20,2024-03-04,5572108830,Berthe Collcutt
664,85,2024-09-15,7121710245,Imelda Le Brom
665,94,2023-06-26,3567631132,Elyn Pibsworth
666,36,2023-03-11,3529911917,Linn Helleckas
667,77,2023-02-25,2842386241,Jamesy Creese
668,88,2023-11-13,9025657154,Nicoline Semor
669,84,2023-10-22,5872234168,Kyle Veltman
670,96,2024-10-10,2619782406,Hallie Pinyon
671,54,2023-01-30,5729247835,Kalil Boreham
672,73,2023-09-04,8413298094,Ophelia Ammer
673,45,2023-08-07,8836228313,Janith Blagden
674,42,2024-01-29,2005501030,Arch Botten
675,21,2024-05-31,8539490713,Clyve McGaraghan
676,55,2023-04-26,3271903354,Marci Alwin
677,95,2024-04-28,2609009609,Marlon Sutch
678,87,2023-11-05,7881711279,Fallon Auld
679,56,2023-05-21,8336099438,Gaynor Weatherall
680,22,2022-12-01,3411970233,Flo Ferrarone
681,60,2024-06-10,3369305332,Melony Iacomo
682,62,2024-08-29,7525755725,Paulie Simeons
683,90,2022-10-23,6295895259,Herculie McCreagh
684,46,2024-04-07,8937105240,Johnathan D'Orsay
685,62,2023-10-14,4989415557,Dita Breedy
686,68,2024-02-12,5906549047,Athena Walters
687,64,2024-02-13,1656815438,Guglielma Cavanagh
688,32,2024-05-26,2755745100,Zandra Sargison
689,56,2023-07-19,8109389430,Hyman McGrowther
690,55,2022-11-07,3289073007,Emmery Sedge
691,89,2023-09-08,1969307895,Ave Timms
692,24,2024-06-13,3271155368,Cesaro Elham
693,17,2024-07-22,2925287426,Davide Salt
694,58,2023-10-04,4231631768,Sarge Breslauer
695,98,2024-07-02,7231132075,Valerie Rosthorn
696,53,2023-07-06,6481592791,Annmarie Persent
697,74,2022-12-02,3692985662,Philomena Labbet
698,84,2023-11-25,2896643521,Pancho Vescovini
699,40,2024-08-24,5637123799,Wolfgang Garnett
700,56,2024-08-05,4848381776,Nesta Casado
701,63,2022-11-25,8792398264,Ester Symons
702,27,2024-06-08,5592790683,Rosamond Stubbings
703,32,2024-08-08,9687375902,Crichton Lusher
704,93,2024-04-25,6958177798,Marchelle Wattisham
705,51,2023-09-27,2648248558,Kory Kingh
706,22,2024-05-08,7903184323,Morna Lugton
707,46,2022-11-01,5775963574,Trefor Bartul
708,27,2022-12-18,7444536090,Neils Greated
709,52,2023-04-23,5839298616,Jens Delucia
710,82,2023-01-15,8908639892,Minna Oxtiby
711,77,2023-01-10,8842540219,Caroljean Lyte
712,35,2024-04-02,1937420089,Sarah Blakeden
713,30,2023-09-16,5042006349,Susanne Marriot
714,48,2023-04-22,1996143442,Heath Fee
715,28,2024-04-20,2716605146,Diann Burdon
716,51,2024-10-11,3161632626,Hendrick Dooley
717,35,2024-08-21,1616082352,Layla Gain
718,68,2023-06-18,6613240733,Pru Mandel
719,84,2023-10-22,9359519830,Gray Leguey
720,48,2023-01-22,3052224987,Leoine Sweatman
721,28,2024-05-09,6081010112,Adrienne McQuaide
722,58,2024-05-31,8092054459,Morey Sergeaunt
723,52,2023-08-07,1354658357,Mariam Giacovazzo
724,71,2023-02-09,8949950900,Jackqueline Tumilty
725,41,2024-10-09,3346071769,Lance Segeswoeth
726,94,2024-08-14,1375897882,Florencia Pye
727,25,2023-05-21,6213798899,Kristo Faircley
728,56,2022-12-11,4835398903,Oralie Saunton
729,99,2024-06-10,5429737639,Patrizio Lovstrom
730,96,2024-09-08,9231483217,Katherina Hitschke
731,16,2023-09-11,5654905062,Carlynne Fosten
732,26,2023-08-09,1609239579,Isahella Cockle
733,18,2022-11-20,7238452375,Adelheid Aulton
734,40,2024-02-01,8335019045,Cate McBrearty
735,47,2023-08-21,3252376181,Letta Youthead
736,22,2023-03-31,3742392036,Hobart Hobell
737,58,2024-04-03,9584477405,Milli Blethyn
738,79,2023-07-19,6547714326,Yulma Bilson
739,45,2022-11-05,3669733045,Orlan Muschette
740,52,2024-05-02,7422362793,Zara Durdy
741,78,2023-12-25,2431680252,Averil Pardey
742,28,2023-04-23,1687840693,Mabel Keohane
743,31,2023-09-20,6102136432,Alvinia Axtonne
744,16,2024-04-03,6711017367,Cristin Coke
745,62,2024-07-25,6444493887,Larine Coatham
746,64,2023-04-15,8983907279,Dael MacGeaney
747,43,2024-02-04,3883500280,Carlo Borth
748,76,2022-11-27,2546918522,Lewiss Dineen
749,54,2024-02-13,8463054021,Quintilla Cranefield
750,17,2023-12-01,3329101165,Ailey Bleasdille
751,89,2023-07-28,8114373548,Darlene Aspey
752,49,2022-11-03,1687749420,Idell Older
753,56,2023-12-02,1188335598,Joanna Olliar
754,53,2024-06-17,1564806955,Dorree Salliere
755,75,2022-11-09,9536805505,Valentin Ironside
756,26,2024-06-19,6308330858,Nessi Frenchum
757,27,2023-02-05,8284707842,Maxie Hecks
758,62,2023-12-02,2948065110,Rebeka Nevill
759,23,2024-08-25,7033226189,Turner O'Duane
760,88,2024-01-21,1323855873,Zachary Arnison
761,36,2024-05-06,2785274580,Edouard Reuble
762,45,2023-06-14,8989037906,Martha Innocent
763,93,2023-09-12,8322497220,Rakel Capron
764,61,2024-02-18,8662560318,Boycey Spanton
765,33,2024-03-23,3035305678,Oswell Monketon
766,31,2023-10-03,5539051690,Tadio Stainburn
767,70,2023-04-11,1339361279,Lavinia Upstell
768,76,2024-08-21,6403396306,Berget Myton
769,32,2023-05-29,6822997536,Norbie Badland
770,48,2024-01-04,4541022221,Pauline Brolly
771,67,2022-11-13,9625517486,Roddie Gloucester
772,81,2024-03-07,5244437626,Arman Crowdace
773,41,2023-12-20,6237056532,Mignon Towne
774,31,2022-11-25,9127722142,Giffy Gallatly
775,32,2023-11-02,3946701352,Hilde Tungay
776,44,2023-03-16,3338421171,Ealasaid Brezlaw
777,16,2023-04-04,9784146816,Arabella Yeudall
778,15,2023-12-06,8525471871,Legra Proom
779,62,2022-11-21,8348006062,Pier Stannering
780,34,2023-03-31,4779273861,Esme Kenwell
781,74,2022-12-09,7945853329,Valentia Baszkiewicz
782,17,2023-06-13,2367124320,Ryon Boreham
783,64,2023-10-10,1027562882,Sibilla Jerke
784,95,2023-03-09,7114062198,Bambie Ducker
785,63,2023-01-08,3305271205,Gerladina Bonallick
786,28,2023-04-02,4011422787,Elga Botly
787,28,2023-03-14,6866295409,Ethe Premble
788,61,2024-01-18,3059051973,Ambrosio Dumbelton
789,54,2023-10-05,4693007647,Glen Bowling
790,53,2023-03-31,3931284578,Germana Vlasyev
791,47,2024-02-18,9736470289,Brewer Romeo
792,23,2024-02-01,2586589620,Giuseppe Labden
793,19,2023-03-19,6325164666,Georgianne Strangward
794,51,2024-06-30,2246318372,Byron Rizzello
795,35,2022-11-25,3256572300,Doralin Marmon
796,73,2023-01-28,7457721210,Mina Napthine
797,64,2024-05-28,1971818017,Sydel Arents
798,90,2023-01-27,6273257084,Luelle Grabiec
799,38,2023-09-23,6802790713,Nolan Nockalls
800,33,2023-07-07,7585618767,Ilse Pailin
801,99,2024-09-16,4682078096,Ham MacFie
802,93,2024-02-24,2594935219,Maggy Dugall
803,38,2024-09-28,3408163248,Joseph Izzatt
804,97,2024-06-13,9689530014,Mellisa Maidens
805,71,2023-02-27,7093757116,Jacques Pattenden
806,58,2024-08-17,2799577309,Michal McLagain
807,76,2023-09-24,2853739465,Gillian Hamilton
808,58,2023-08-16,2739123266,Emmalynn Colvill
809,78,2023-08-25,9851853304,Mavis Killiner
810,22,2023-05-01,1871339977,Taffy McIlraith
811,29,2024-05-13,1297917246,Lori Lafond
812,72,2023-11-30,5743448874,Reggie Outright
813,30,2023-01-27,8691423345,Raddie Medlin
814,83,2023-08-29,8612605343,Delilah Killich
815,83,2024-07-11,7833568170,Nanny de Cullip
816,30,2024-03-30,4647015536,Janette Laidlaw
817,47,2024-01-06,9603710835,Ursula Lundie
818,87,2023-07-14,3149022230,Isaac Llewellen
819,91,2024-01-01,2978367795,Giorgi Kryzhov
820,89,2024-09-04,6929241891,Hildagarde Trousdell
821,60,2023-03-03,6725243800,Rahel Karlsen
822,52,2022-11-23,5952463558,Brynna Devonport
823,25,2024-10-11,8472882453,Kaila Rayburn
824,45,2023-09-24,5813156735,Elihu McGeown
825,87,2024-09-11,6898449717,Fara Shotbolt
826,54,2023-08-05,2591410203,Mallory Andreou
827,67,2022-10-28,1518410224,Mattheus Wollaston
828,70,2023-12-03,5758128974,Cynde Scoffham
829,40,2023-04-13,6961977017,Neysa Teodoro
830,25,2024-06-10,2228793601,Miguela Durdle
831,53,2023-12-04,4641467156,Paige Durrell
832,31,2023-03-04,3904072859,Gannon Land
833,59,2023-03-26,4358016694,Alyosha Mishaw
834,52,2024-05-25,2805409876,Curt Hurdidge
835,82,2023-10-04,3434292688,Timotheus Doulden
836,44,2022-12-18,7266203474,Lizette Able
837,25,2024-05-27,9891660224,Brion Bisacre
838,81,2024-09-01,6924286409,Betsy McPherson
839,70,2023-04-16,3017345551,Jerrine Dunthorn
840,65,2023-09-13,3887148550,Zabrina De Vuyst
841,55,2024-08-26,2142234702,Glynnis Rapson
842,17,2023-09-02,2618923102,Ricardo Wesson
843,17,2023-06-27,1527864351,Evonne Doolan
844,88,2023-11-01,4184913608,Grannie Bogies
845,42,2023-05-20,4409842693,Dodie Joisce
846,81,2024-07-03,5127071083,Laney Calbrathe
847,94,2023-08-27,4349435644,Virgie Lamey
848,48,2024-06-09,2297655342,Dniren Hellin
849,63,2024-09-12,5378694279,Nerty Acarson
850,92,2024-06-10,1461529847,Blanca Laurent
851,58,2022-11-26,9231181788,Diane-marie Sancroft
852,67,2024-08-18,1202363301,Trent Mourgue
853,99,2024-04-29,9328927828,Nicoli Brind
854,25,2023-02-16,7929365648,Hans Arnopp
855,68,2024-04-22,5741257783,Janette Damrell
856,52,2024-02-15,4602776811,Agatha Shutler
857,72,2024-01-30,5743401937,Gibbie Broom
858,81,2023-03-02,1369960079,Allene McLeary
859,87,2024-06-16,9594490270,Pietra Quant
860,60,2024-08-23,6551717106,Aubert McRobb
861,84,2023-01-07,3791523780,Alica Nenci
862,22,2024-04-30,9114451071,Antonius Roubay
863,32,2023-05-07,7216413806,Shela Depke
864,94,2024-03-29,1888883422,Kelley Statefield
865,71,2022-11-16,5201414060,Hasty Potbury
866,92,2023-07-28,5817192680,Bernadene Rippingall
867,25,2023-08-18,4978157181,Elana Nunes Nabarro
868,34,2023-09-25,5889102247,Cherice Dando
869,80,2023-03-30,4101245798,Jarred Meekin
870,54,2024-07-24,9425428089,Almeda Lafaye
871,70,2022-10-22,5971786676,Starlene Adamsen
872,63,2022-12-30,2875037619,Granthem Hatherley
873,79,2023-04-03,6957629730,Alwyn Jochen
874,100,2024-07-28,1978329173,Roselin Barbosa
875,17,2023-12-04,1369589682,Ave Sealove
876,24,2023-11-07,5365223878,Nicky Ruck
877,39,2022-12-13,7481870156,Roanna Ramiro
878,21,2023-09-04,7785706059,Louie Jewson
879,47,2023-06-11,4842031186,Guillema Stilly
880,47,2023-07-20,3174669299,Ignazio Treuge
881,51,2024-04-30,4589147549,L;urette Stanney
882,65,2023-12-14,7718176568,Cherlyn Churchill
883,81,2023-12-04,6086321986,Kiele Bengtsson
884,35,2024-03-26,1711037984,Sven Plaice
885,60,2023-07-05,5042573743,Edan Moulden
886,49,2023-12-18,7874278060,Pris Brik
887,18,2024-02-13,8107088278,Alfy Watkin
888,88,2024-03-10,2767708178,Mikkel Corona
889,36,2024-07-06,7951302005,Margalit Blankhorn
890,89,2022-11-09,7012099448,Kelby Braznell
891,71,2024-04-26,5669260640,Blinni Durrans
892,99,2023-09-13,8582782056,Emmie Shann
893,99,2023-03-16,9959276738,Aube Blaver
894,50,2024-06-20,7532871544,Larissa Dundendale
895,90,2024-03-13,2658775200,Natalina Corriea
896,64,2023-04-17,5314456616,Corina Dedrick
897,15,2024-01-17,2653720990,Giulio Ewin
898,15,2024-01-03,9798813213,Porter Grabham
899,99,2022-12-03,2758619512,Myra Giddins
900,68,2023-03-11,2668072848,Rex Pocke
901,73,2024-03-04,8801603880,Clarabelle Maybey
902,89,2023-09-19,6504908553,Martica Dible
903,64,2024-04-06,1233868878,Urban Olenchenko
904,21,2024-05-24,9426332428,Othello Clemmen
905,57,2024-08-26,2518104357,Wendell Eacle
906,85,2024-10-03,4409296747,Daron Meaton
907,25,2024-01-04,2551236531,Nicolais Pimblott
908,84,2023-12-20,5893556888,Alfy Monday
909,65,2024-01-14,8754656595,Janey Leidl
910,16,2024-09-21,8505130330,Joni Enriquez
911,70,2024-07-07,6051049814,Tobit Damp
912,42,2023-09-27,1602389957,Opal Bellham
913,18,2023-12-03,4037572326,Shela Harnor
914,74,2023-10-29,8329699683,Tracey Kimberley
915,38,2023-04-10,1931488459,Adriane Troni
916,97,2023-08-25,6405641337,Vachel Durbyn
917,42,2022-10-23,3413289542,Anabel Snailham
918,95,2024-01-12,9682253244,Homer Doleman
919,100,2024-03-14,9751855580,Mala Farfoot
920,90,2024-05-31,8721953980,Rorie McDermid
921,64,2022-12-23,3774650259,Stirling Boole
922,53,2024-02-10,2451534907,Eddie Carleton
923,54,2023-01-24,5141340499,Claretta Syrie
924,59,2022-11-21,5621832294,Hammad Pache
925,77,2024-01-22,9831273764,Hayyim Wysome
926,94,2024-09-30,9387500323,Jonis Silversmid
927,63,2024-07-11,9059339304,Konstanze Davenhill
928,93,2023-09-24,1417834353,Ana Cuchey
929,78,2024-03-11,6255351346,Jonathan Callum
930,72,2023-07-08,3339216426,Ines Stritton
931,80,2023-01-30,7853030040,Kikelia McIvor
932,55,2023-03-18,8667957637,Theresita Lockery
933,87,2024-04-08,4286544643,Ashlin Baumaier
934,89,2024-07-04,1182008167,Sharleen Boam
935,94,2022-10-31,5344425064,Louella Grinyov
936,15,2023-03-26,2134926736,Jodie Wadelin
937,56,2022-12-03,3201454297,Anitra Burgett
938,70,2023-11-29,9789645385,Doll Housden
939,23,2024-06-19,4318204552,Grier Brandt
940,38,2023-07-11,6338738863,Valdemar Hafner
941,92,2023-08-27,3139159744,Standford Ruslinge
942,84,2023-06-23,7511037123,Alene Wanne
943,18,2023-12-09,3603565175,Ximenez Volkers
944,35,2023-08-19,8765742145,Carine Szwarc
945,97,2023-05-10,6147498018,Ashton Killshaw
946,89,2023-11-29,7675353820,Cecilio Crighton
947,33,2023-02-20,7815490482,Oby Nials
948,47,2024-06-10,5269775405,Susette Wenham
949,28,2023-09-27,6695442397,Annadiane Hancke
950,65,2023-02-10,5508311361,Jackquelin Moralas
951,62,2022-12-01,9141750046,Gonzalo Pointon
952,56,2023-08-03,2526792223,Marissa Melliard
953,66,2024-02-06,7541893932,Sergei Carillo
954,61,2024-04-28,8412284954,Natal De Blasiis
955,19,2024-09-19,9172548121,Hobey Bernette
956,33,2023-12-23,3303887096,Mose Vanne
957,59,2022-12-11,9765929344,Felipa Seckom
958,18,2024-01-19,2854730655,Stefano Osburn
959,57,2023-08-17,7934434862,Drugi Petriello
960,39,2022-11-04,3395200390,Gabrila Sugars
961,58,2024-10-06,5264501699,Markus Toner
962,59,2024-03-07,1331520351,Angela Kemitt
963,57,2024-10-02,3239895079,Aubrette Naper
964,89,2024-05-17,8332814632,Rozanna Ralling
965,50,2023-11-08,7593184561,Herschel Erdely
966,51,2024-09-04,1341785098,Sheila-kathryn Rogerot
967,81,2023-12-25,9275040857,Vivyan Hince
968,85,2023-10-21,3841630364,Doti Simonassi
969,76,2024-02-18,5474092433,Nydia Boxen
970,83,2024-10-11,8713317481,Denice Cancelier
971,42,2023-11-11,5753048438,Hilario Bywaters
972,97,2023-04-30,2782536761,Estelle Howard - Gater
973,72,2023-12-21,7959565370,Doe Pllu
974,73,2024-02-21,3809568709,Vick Crimp
975,70,2024-02-23,1901810945,Frazier Rugieri
976,38,2023-07-07,8198268187,Pier Teanby
977,88,2023-09-03,9789643067,Clemence Chinge de Hals
978,70,2022-11-12,1896274719,Fiorenze De Bruijn
979,77,2023-08-29,5782963287,Orrin Veel
980,83,2022-12-14,3795785843,Haleigh Gallimore
981,67,2024-06-11,6823431110,Filbert Faunch
982,71,2024-07-13,9164166090,Angelica Speenden
983,88,2023-09-11,9616320137,Tracey Worthing
984,27,2023-11-06,9406166650,Celestina Alvy
985,38,2022-12-29,8296918858,Dukie Enoch
986,91,2023-01-30,5988339584,Gaspard Mc Ilory
987,92,2023-10-20,5658355589,Iver Coddington
988,78,2023-09-09,1616058769,Delphine Shasnan
989,35,2022-11-23,6955859143,Ariel Terbruggen
990,89,2024-09-02,5461836502,Idaline Nudds
991,38,2022-10-28,7164300735,Zachariah Grumley
992,41,2023-11-17,8035587090,Randi Bussell
993,34,2024-06-12,6358134944,Dareen Hubbert
994,94,2024-06-18,3728925486,Krystle Leishman
995,77,2024-08-05,5491540051,Ninetta Domleo
996,43,2024-05-12,3593663439,Lisabeth Kendall
997,18,2024-08-14,7009389476,Terencio Ilyukhov
998,39,2024-03-24,5132992597,Ina Perris
999,50,2024-07-04,7038196524,Corbin Gaspard
1000,90,2023-06-14,3577011441,Panchito Sherrock
