ShipperID,Name,Phone
1,Lazzy,6812415325
2,Photolist,2544723840
3,Ozu,1176600866
4,Tekfly,5182260405
5,Oba,3491668256
6,Tazzy,7887642253
7,Blogtags,5434175178
8,Fiveclub,2008213897
9,Mynte,2491246161
10,Quatz,3433272122
11,Topicblab,7584092465
12,Skiba,2351497764
13,Devpulse,1297425680
14,Devpoint,7812686560
15,Oyoyo,6517433928
16,Browsetype,9891856327
17,Gigashots,9898526782
18,Flashpoint,4647386817
19,Ntag,2324300509
20,Vimbo,4232985103
21,Twimm,9165846048
22,Realblab,5962947742
23,Kwideo,5509689091
24,Skinte,5526804368
25,Trudeo,9916301917
26,Jetwire,4002003636
27,Gigashots,7207091055
28,Wikizz,6426576345
29,Trupe,7709722191
30,Realpoint,7187568190
31,Pixoboo,2375625266
32,Oyoyo,3658211396
33,Zoovu,5011537932
34,Yakijo,1606111036
35,Kwideo,3441017851
36,Latz,5139677175
37,Jetwire,1143846715
38,Gigabox,5163149006
39,Eimbee,8132070453
40,Twitterbridge,9029065391
41,Jayo,8593878851
42,Zoomdog,5681806153
43,Tazz,3663587572
44,Realmix,5657415584
45,Kazu,4539849895
46,Jetwire,7788565485
47,Gabtune,2555579571
48,Twinder,4557292021
49,Divanoodle,2193074511
50,Npath,1906128184
51,Demimbu,8938700713
52,Buzzbean,6476760830
53,Avaveo,6356748980
54,Voomm,7185781765
55,Twitterbeat,3521515957
56,Topicblab,2414266879
57,Dablist,4794918286
58,Quamba,7145874440
59,Oozz,6235991838
60,Realmix,2876340452
61,Yata,4683992090
62,Voomm,5645664306
63,Shufflester,2707212767
64,Tazz,4483173120
65,Plambee,9448793368
66,Skyble,1709728211
67,Miboo,4133462275
68,Demizz,3511581790
69,Yakitri,7296776015
70,Skalith,7241300619
71,InnoZ,6251712671
72,Eidel,4567553343
73,Thoughtmix,6137249592
74,Janyx,7134490352
75,Camido,5534717855
76,Eadel,8635502174
77,Skaboo,3517471353
78,Vinte,4061357130
79,Fatz,7683496614
80,Cogidoo,6706648366
81,Babbleopia,8448011350
82,Flashspan,2819188697
83,Browseblab,6409591756
84,Meevee,4862296622
85,Jaxworks,4347179522
86,Jabbersphere,8929195324
87,Dabtype,2907197897
88,Oyoloo,7437906604
89,Dabvine,1089076538
90,Yotz,9849998284
91,Linktype,6349455973
92,Yozio,1937588453
93,Quaxo,8736536236
94,Jaxbean,9191877454
95,Brightbean,9931083491
96,Blogtag,7341781199
97,Fivebridge,5637772045
98,Fanoodle,3012682681
99,Vinte,2534354679
100,Viva,7228169565
101,Skimia,9869986593
102,Jabbertype,8217250309
103,Edgetag,1975933115
104,Yodoo,2728759774
105,Jabbertype,3285780004
106,Ooba,5522221787
107,Wikido,5278835788
108,Tagopia,6951394783
109,Twitterlist,7812718535
110,Voolia,2881162998
111,Agimba,6541002710
112,Leexo,2842601231
113,Flashset,7778696835
114,Yata,3389174733
115,Buzzdog,5807561386
116,Fadeo,6881528876
117,Rhynyx,4595175919
118,Kwideo,3142698598
119,Blogpad,1413662193
120,Twitterworks,3545733911
121,JumpXS,4337355394
122,Yakidoo,6147398820
123,Mybuzz,3984549837
124,DabZ,7254035176
125,Ainyx,7333561560
126,Bubblemix,9039901928
127,Eayo,1422498453
128,Wordware,4551214378
129,Yabox,4921787958
130,Thoughtsphere,6631746167
131,Fivespan,3232206309
132,Photobug,3405115988
133,Topiclounge,6953610760
134,Mydo,1976901230
135,Kimia,7662685722
136,Brainlounge,2875475778
137,Cogidoo,7248566260
138,Youopia,5982001012
139,Fliptune,4543882093
140,Rhynoodle,9344563547
141,Vinte,6294524771
142,Kwimbee,4022854758
143,Browsebug,2942052886
144,Tanoodle,7415043612
145,Kayveo,7315698405
146,Skyvu,3033851139
147,Voonte,2955273935
148,Pixope,9743950780
149,Zazio,7548745057
150,Skimia,1542998633
151,Jabberstorm,7184211493
152,Dabjam,9823182634
153,Zazio,2488685553
154,Kwimbee,1593490234
155,Tanoodle,2252432514
156,Topiclounge,9391244799
157,Riffwire,7852484047
158,Devpoint,2497979858
159,Brightbean,6575554476
160,Photojam,8609855405
161,Quaxo,4567205612
162,Pixonyx,1028834894
163,Tagcat,4152317011
164,Brainverse,2671583963
165,Livefish,9156681067
166,Oyope,7182500778
167,Gigaclub,8455475345
168,Mydeo,5492597214
169,Aimbo,8314377474
170,Vitz,2311203341
171,Devpulse,5761055394
172,Omba,7712153683
173,Centimia,1857089885
174,Centizu,2949408201
175,Feedfish,7239037165
176,Bubbletube,4633906199
177,Buzzdog,2346831266
178,Omba,9575337970
179,Edgetag,9232502506
180,Twitterbridge,5495462174
181,Photolist,3447895311
182,Youopia,9197346762
183,Bluejam,5414121486
184,Rooxo,8283805722
185,Skiptube,9211729516
186,Skajo,2576022365
187,Gabtune,2159674511
188,Zoovu,8941029977
189,Vinder,7908264037
190,Wikibox,1817614463
191,Browsedrive,6942060576
192,Jabberbean,9932754459
193,Devcast,6812497250
194,Vidoo,6438538391
195,Realbridge,6403993031
196,Einti,5327682891
197,Yotz,5293294395
198,Gigazoom,8429927844
199,Fiveclub,8684743911
200,Devcast,1084459695
201,Oyonder,5014301628
202,Ozu,2641244275
203,Leenti,8047928345
204,Wikizz,7262696184
205,Meezzy,3603784381
206,Topicshots,7873038400
207,Jetwire,4792485007
208,Meetz,6768266212
209,Tambee,6529276843
210,Mudo,7244321129
211,Tavu,7765912101
212,Edgeify,6854338466
213,Quinu,6387763517
214,Gevee,5438491888
215,Livetube,6013167632
216,Realcube,1086771128
217,Linkbuzz,3052845633
218,Tagfeed,7429910122
219,Edgepulse,3295369861
220,JumpXS,1899918636
221,Skinte,3375930048
222,Aibox,7438916503
223,Zoomdog,7732530427
224,Devify,4659393136
225,Dynabox,2393241228
226,Jabbercube,8573434971
227,Janyx,6974861012
228,Dynabox,1219965479
229,Chatterbridge,1849807756
230,Skyvu,5444059061
231,Yozio,4402289712
232,Tazz,4529795605
233,Feedfire,4033449633
234,Yacero,1527613729
235,Fivebridge,2028239017
236,Eamia,6368935561
237,Yakijo,6571852082
238,Jayo,8804951951
239,Feednation,6689547414
240,Kwideo,1575809871
241,Edgepulse,2152728113
242,Brightbean,9967262403
243,Trudeo,3704588107
244,Quamba,1983184537
245,Brainverse,3457037240
246,Janyx,2587435619
247,Jaxworks,4688857003
248,Trilith,2662982172
249,Twimm,4551911338
250,Blogtags,5884716903
251,Demizz,9741138483
252,Reallinks,2589463828
253,Meejo,9332830269
254,Camimbo,5718396509
255,Ntags,5993545110
256,Shuffletag,8812942064
257,Avamm,6399602478
258,Pixoboo,6993263494
259,Mita,9384986399
260,Gigashots,9917904612
261,Oyope,4057960116
262,Avamm,8652317838
263,Eimbee,9385631939
264,Jaxworks,5113755148
265,Browsebug,5729896399
266,Plajo,3191974698
267,Skyndu,4364814622
268,Skivee,4797218082
269,Tazzy,2412342924
270,Rhyzio,7027420090
271,Youspan,7087987402
272,Avavee,4618672190
273,Fatz,8324035064
274,Divape,9389855906
275,Thoughtsphere,9522393927
276,Bubblebox,2221565005
277,Divape,8443382266
278,Jaxworks,4944591392
279,Lazz,2767710907
280,Snaptags,9833528892
281,Thoughtbeat,5454328897
282,Zoonoodle,2338345486
283,Oodoo,5773036132
284,Photobean,5332935684
285,Shufflebeat,5719461764
286,Skilith,4128893689
287,Vitz,7545627495
288,Devify,5789365197
289,Skynoodle,7256975195
290,Yata,6731343249
291,Roombo,7402073916
292,Wikido,8188726228
293,Meevee,9682292792
294,Gabspot,5379472675
295,Buzzshare,6337993846
296,Youbridge,5018989273
297,Tavu,8755907503
298,Fivebridge,7931155445
299,Topiczoom,8526885678
300,Jaxnation,7831433308
301,Photojam,9452951815
302,Trilia,3399146950
303,Dablist,1081465681
304,Topicshots,4296443659
305,Feedfish,7755757797
306,Flashspan,4344326709
307,Pixope,3155702037
308,Flashset,1806065198
309,Devify,9368291617
310,Mydeo,7623872223
311,Dazzlesphere,1606408769
312,Ozu,9526309584
313,Mita,9855462440
314,Skinix,1193955684
315,Skaboo,7097680991
316,Vimbo,9158479034
317,Jaxbean,2008860379
318,Quimba,2892344280
319,Jabbersphere,6589071652
320,Jatri,7401431589
321,Skiptube,3629950282
322,Ailane,6984894124
323,Topicstorm,2113895464
324,Oozz,9515428061
325,Skipfire,3142093348
326,Bubbletube,2704139703
327,Meeveo,2701325864
328,Bluejam,3846053885
329,Blogtags,4358884231
330,Photobean,3104172666
331,Mynte,1868359832
332,Eadel,8227688230
333,Yakidoo,6751589845
334,Meejo,9771094417
335,Tagtune,1938146478
336,Browsecat,3926994037
337,Fliptune,6245402310
338,Babbleblab,1402770940
339,Pixope,3478090751
340,Kanoodle,2049701172
341,Oyondu,5697037987
342,Bluezoom,1183645544
343,Mydo,1691961605
344,Flashspan,2821247036
345,Meezzy,5314036087
346,Mycat,6407242019
347,Demizz,9715852764
348,DabZ,5466786981
349,Oozz,4804740689
350,Brainbox,4933316877
351,Aimbu,9257893852
352,Kayveo,5051176224
353,Avavee,5526261299
354,Lazzy,2604514365
355,Edgeblab,4938730705
356,Photobean,9785096598
357,Topicblab,1025879293
358,Roombo,9589256011
359,Eimbee,6188104227
360,Gabvine,6824037277
361,Yakidoo,9915655847
362,Skinix,8342548573
363,Buzzshare,2421117413
364,Wordware,1625467306
365,Edgeclub,2613667237
366,Divavu,5008276122
367,Abata,3175037540
368,Kare,2537545287
369,Dabshots,3432872401
370,Skyble,5424520494
371,Mynte,9876429082
372,Feedspan,9954274039
373,Tazz,6871137637
374,Oyondu,8123446824
375,Cogidoo,6454471241
376,Rhynyx,6065405553
377,Wordware,2186388308
378,Fivechat,2712309662
379,Oloo,7346025055
380,Ooba,3389562068
381,Chatterbridge,8151672497
382,Yodoo,7604809276
383,Photospace,4435808516
384,Kare,6048489057
385,Voomm,2497142509
386,Midel,6391087243
387,Skyndu,8687204972
388,Thoughtsphere,5533683198
389,Mybuzz,5006253676
390,Thoughtbeat,5879175380
391,Aivee,5292464711
392,Skiptube,9552477437
393,Gabtune,4578438934
394,Abata,8619735476
395,Oloo,3279113332
396,Wordify,9764612917
397,Jaloo,1862132184
398,Tazzy,7033432673
399,Zoombeat,8993812292
400,BlogXS,4372035829
401,Ooba,9845503791
402,Yakitri,8317712945
403,Yodo,2057261214
404,Bluejam,5823360687
405,Feedbug,4052671679
406,Mycat,3762456508
407,Feedbug,9425461844
408,Lazz,5256133233
409,Riffwire,2797922642
410,Twiyo,9269317175
411,Skiba,6782107452
412,Flashpoint,6137405586
413,Yombu,7696015230
414,Ozu,7548441721
415,Oba,2156664920
416,Zoovu,4169215073
417,Realfire,9592855664
418,Jetpulse,9257811776
419,Feedmix,3234823593
420,Buzzshare,8087244757
421,Ainyx,9664339780
422,Innojam,6521299467
423,Mynte,1083523502
424,Agivu,1773130066
425,Mynte,5753654306
426,Centidel,9021620501
427,Digitube,4319533980
428,Kwinu,9895473835
429,Yambee,9181942115
430,Voonder,4256367297
431,Twinder,4032539130
432,Tagopia,1769941147
433,Devpoint,1625743259
434,Centimia,2374482281
435,Linktype,1565596616
436,Skidoo,2746408512
437,Agimba,9019678482
438,Avavee,6241836768
439,Mybuzz,5485706956
440,Rhycero,5941131853
441,Divape,1872697152
442,Fiveclub,4818054623
443,Yabox,6592255910
444,Kayveo,8011137748
445,Tambee,5566023678
446,Vidoo,4478684911
447,Skipstorm,6729851433
448,Digitube,1052130666
449,Photobug,6897204949
450,Shuffletag,2993045233
451,Skibox,8688891793
452,Aibox,6989786928
453,Dynazzy,9124563493
454,Photobug,8033141415
455,Twiyo,7173418142
456,Vinder,8736196479
457,Quaxo,4177351258
458,Realblab,5191927516
459,Jabberstorm,8394245345
460,Meembee,5624878144
461,Rhyzio,5331436015
462,Skidoo,2608201698
463,Dabshots,3425102161
464,Meezzy,4996824547
465,Oba,2102353732
466,Zoombox,7022712992
467,Jabberstorm,6578149274
468,Ntag,5519288401
469,Voonix,4962226865
470,Roomm,4444349087
471,Skipfire,1234176735
472,Kare,3713076678
473,Snaptags,4112762966
474,Fivespan,2059021787
475,Thoughtbeat,6533518538
476,Yoveo,1779566382
477,Jayo,6722628273
478,Yakijo,3612642173
479,Mycat,1722154142
480,Avavee,4914413510
481,Jabbersphere,4761373968
482,Topicware,1381021829
483,Linkbuzz,6728116890
484,Ooba,4854832456
485,Zava,1775449961
486,Twimm,7903017436
487,Browsedrive,3183910946
488,Buzzdog,2309552214
489,Flashspan,6523718193
490,Livetube,7969043437
491,Teklist,2491021301
492,Minyx,8008191308
493,Layo,5219483895
494,Brightbean,6164368320
495,Talane,1915351507
496,Mudo,8399884674
497,Feedmix,1522942788
498,Jabbersphere,6265394413
499,Jayo,9052611397
500,Edgewire,5182902092
501,Jaxnation,3494515029
502,Flipbug,8354859837
503,Skiptube,9911997663
504,Oba,5744837335
505,Kwideo,1921479779
506,Jabberstorm,6279005136
507,Mymm,7007368106
508,Wikizz,8725558225
509,Devify,1256001012
510,Devshare,3057237163
511,Viva,4365738716
512,Brightdog,9011447507
513,Skilith,4762637322
514,Linkbuzz,2937767087
515,Katz,2565367624
516,Rhyloo,4259510345
517,Riffwire,5088262863
518,Kayveo,7339140854
519,Realbuzz,3381193377
520,Camimbo,1254438399
521,Bluejam,6308996596
522,Meetz,3859147913
523,Realcube,4127442137
524,Realcube,3911412604
525,Aimbo,7804900133
526,Browsecat,9827590697
527,Mita,3793498469
528,Zoonoodle,4269701777
529,Riffwire,6585601562
530,Lazz,8449968693
531,Yamia,9044390418
532,Avaveo,6002888113
533,Jaxworks,8797244674
534,Kamba,2882396621
535,Meeveo,6149641483
536,Thoughtworks,1675616515
537,Yakijo,2729398474
538,Livefish,2023384006
539,Abata,6003407998
540,Trilia,5155509754
541,Kwilith,9328080686
542,Devcast,8202425083
543,Edgepulse,2138023008
544,Dabtype,5979606229
545,Skibox,5049850104
546,Jamia,1159521626
547,Shufflester,9163361415
548,Twitterlist,6337748604
549,Mymm,7303942476
550,Yakijo,7679960680
551,Jatri,1986252243
552,Camimbo,6616210939
553,Flashset,3877839455
554,Jabbersphere,2735839768
555,Realpoint,4625691585
556,Dabvine,7632524891
557,Yodel,8758513887
558,Tagchat,9569461487
559,Vimbo,5946522891
560,Nlounge,5025872988
561,Browsezoom,6394041666
562,Jabberbean,4295117213
563,Thoughtbridge,2755853195
564,Feedbug,6342168386
565,Camimbo,6942334075
566,Skibox,6361595586
567,Meevee,8688630412
568,Skajo,2322152089
569,Shuffletag,4472658298
570,Youspan,2621575277
571,Zoomlounge,7145355844
572,Ntag,1435415260
573,Topicblab,4678972080
574,Minyx,8155530970
575,Quire,7161134722
576,Voonix,1087761417
577,Livetube,3993171898
578,Bubblemix,3688757798
579,Rhycero,3297987981
580,Ntags,6412583544
581,Riffwire,4956118885
582,Eimbee,5577575512
583,Rhycero,2504466280
584,Tagpad,8499374789
585,Realblab,5045432132
586,Quire,5559566039
587,Fivespan,6965602756
588,Tagfeed,8511352016
589,Myworks,1975141077
590,Yamia,1707140231
591,Teklist,8519624408
592,Chatterbridge,7808007397
593,Skilith,7027423228
594,Flashset,4937800366
595,Eimbee,6212741658
596,Gigazoom,1909678988
597,Lazz,3447456948
598,Zazio,7781154933
599,Vitz,2517171908
600,Tanoodle,8563417235
601,Kwideo,3674972464
602,Thoughtsphere,6129266223
603,Babbleset,1607344826
604,Voonder,9438077374
605,Npath,7741041813
606,Kwilith,8194368000
607,Shuffledrive,8598913071
608,Voomm,3708628577
609,Oozz,8648014324
610,Twinte,3221732267
611,Linkbridge,8054736810
612,InnoZ,7354987311
613,Devcast,6766090579
614,Devpoint,5389213325
615,Skivee,2466831575
616,Linktype,8375486895
617,Trilia,6996960684
618,Gigazoom,6769894922
619,Demivee,6355916608
620,Tambee,5845586954
621,Blogtag,5221818590
622,Tambee,8821910492
623,Dabtype,2829057125
624,Jaxspan,5336619945
625,Feedbug,7574737770
626,Youbridge,7805121116
627,Gigaclub,6712957549
628,Riffpath,3685157856
629,Meedoo,7364635855
630,Zoombeat,7304001575
631,Omba,3656340919
632,Twitterbridge,2776272521
633,Zoozzy,4205426412
634,Twinte,4946810343
635,Babbleset,9228609886
636,Browsebug,5173803752
637,Bubblebox,4767200689
638,Divape,9038607505
639,Innojam,8917430215
640,Flipopia,1964387516
641,Aimbo,9132319804
642,Yadel,3564316400
643,Trunyx,8928098293
644,Feedfish,2009778848
645,Linkbuzz,4898162594
646,Dynazzy,1814300922
647,Abata,1393657158
648,Roomm,2208971948
649,Yadel,4055660547
650,Trilith,6924045698
651,Tagtune,8789274387
652,Mymm,2518928529
653,Brightdog,4024284200
654,Digitube,3194752451
655,Myworks,7204798835
656,Aibox,8953448802
657,Skibox,4721552872
658,Agivu,5947804388
659,Zoomzone,1435849231
660,Ainyx,8434033622
661,Feedbug,8085619041
662,Oba,6567781160
663,Thoughtmix,8015086420
664,Photojam,3426937200
665,Tagopia,4094182749
666,Linkbridge,2815822550
667,Gabspot,9574695899
668,Thoughtblab,1771800570
669,Janyx,8758934738
670,Devbug,7016001462
671,Digitube,9518397337
672,Yozio,9415596994
673,Youfeed,4786263735
674,Photobean,6066028042
675,Yodoo,9747997530
676,Zoomdog,3024878613
677,Oyoba,1369679766
678,Zoozzy,2104067567
679,Oba,2521274018
680,Devshare,6658875983
681,Zooveo,6885832085
682,Oyonder,1376964459
683,Divavu,5951720996
684,Photospace,7304515438
685,Leexo,9425080710
686,Aivee,5652171695
687,Babbleset,4756646267
688,Riffpedia,2772047984
689,Kare,6538786684
690,Rooxo,3173647039
691,Zoomdog,3485793259
692,Kayveo,9794042524
693,Innojam,2975866452
694,Twiyo,4802936103
695,Twitternation,6584617681
696,Blognation,1094344500
697,Kwimbee,9368174578
698,Kanoodle,6871564554
699,Dabfeed,1814758993
700,Agimba,4009001415
701,Tagopia,7052303285
702,Meeveo,8485635507
703,Rhyloo,2993490741
704,Einti,9592989117
705,Babbleblab,3809431523
706,Camido,9575857047
707,Jazzy,1854585577
708,Jaxspan,7895391444
709,Zava,2689798693
710,Fivebridge,2184769729
711,Kare,1997435111
712,Aimbu,3201463555
713,Edgepulse,6522835103
714,Jabbersphere,2747282657
715,Ozu,6046493070
716,Feedfish,3662533291
717,Janyx,1781439372
718,Camimbo,5545085107
719,Quinu,2607510574
720,Realbuzz,4429918775
721,Buzzbean,3974128995
722,Vinte,9235215234
723,Twitterwire,9796953910
724,Wordpedia,2437258937
725,Blogpad,5738283631
726,Dabshots,5683639988
727,Flashset,2786327735
728,Quaxo,3356856249
729,Vipe,8064696599
730,InnoZ,6617349128
731,Ntags,1401975920
732,Browsebug,3279583470
733,Vidoo,4325117321
734,Snaptags,3931376397
735,Brainsphere,4321224890
736,Brainsphere,5264872665
737,Bubblemix,5481958705
738,Skynoodle,6585009048
739,Devbug,8652278399
740,Topicblab,8124181220
741,Agivu,7634003598
742,Divavu,7076329600
743,LiveZ,8078399452
744,Mudo,5124832787
745,Katz,9633540192
746,Nlounge,4029493015
747,Blogtags,1002150797
748,Podcat,1968399485
749,Fadeo,2822402319
750,Eidel,6249258613
751,Riffwire,9791020782
752,Yombu,4398299560
753,Twitterworks,2087655281
754,Lajo,3503640698
755,Devbug,4485671033
756,Zooxo,3278442256
757,Jetpulse,9136695515
758,Meejo,7344465629
759,Shuffledrive,1248477934
760,LiveZ,5941123633
761,Eare,4895894038
762,Jayo,1711792321
763,Riffpedia,8039657724
764,Realcube,2629600458
765,Ooba,9021431946
766,Wikibox,4885072079
767,Npath,2018041706
768,Blogpad,7332827924
769,Realblab,5063218324
770,Yombu,3049961791
771,Yabox,3952025479
772,Linklinks,1431336006
773,Blogspan,1718720424
774,Devshare,4449851181
775,Zoovu,4717912320
776,Zava,9626511279
777,Avaveo,1049514768
778,Mydo,8815802738
779,Dynabox,8078325670
780,Dynazzy,5719582387
781,Bluejam,8547741951
782,Devshare,6381133477
783,Twimm,2871812348
784,Dablist,4788337653
785,Snaptags,4777857471
786,Skajo,6163800781
787,Demimbu,5352120915
788,Eadel,9701845128
789,Flashspan,9092430104
790,Centidel,3568670429
791,Browsetype,6138361593
792,Skyndu,4952654592
793,Gigashots,1685904490
794,Linkbuzz,9093122876
795,Skyndu,4062695334
796,Gabtype,6136438773
797,Feedmix,3835030886
798,Voolith,9326873625
799,Dabvine,5479951559
800,Tagpad,2096117446
801,Digitube,2884283937
802,Flipopia,8977457988
803,Divape,4075908368
804,Browsebug,7631045548
805,Jazzy,6521509813
806,Zoozzy,9667324007
807,Digitube,6823506594
808,Lajo,5847532055
809,Eamia,3999848508
810,Shufflebeat,3828746249
811,Skiptube,7354772588
812,Meejo,7964581599
813,Zoombeat,2514520345
814,Kazu,7043766263
815,Voonyx,6155328357
816,Fivechat,9459666333
817,Skilith,6571391342
818,Riffpath,5633659966
819,Voonder,8966491145
820,Myworks,9434421888
821,Shuffletag,7318084894
822,Yodoo,4967008173
823,Thoughtstorm,4343953812
824,Topicware,1545795416
825,Browsedrive,7941408057
826,Quimm,2876231044
827,DabZ,6863758293
828,Flashspan,3572487367
829,Oyonder,3679444057
830,Gigaclub,9835400888
831,Oloo,6218812505
832,Centidel,1642550538
833,Flipopia,9376723965
834,Fiveclub,3141402766
835,Janyx,2484918336
836,Quamba,9946973477
837,Mynte,2142190454
838,Skinder,3688105241
839,Skiptube,2698927822
840,Twitterworks,5538902761
841,Fadeo,3084281148
842,Skaboo,3483487579
843,Kazio,3781323371
844,Topicshots,8542673318
845,Mudo,1704561546
846,Jabbersphere,5085623285
847,Skynoodle,8585652300
848,Photojam,1169646328
849,Meemm,1151984740
850,Kimia,2169986920
851,Realmix,7664689415
852,Brightbean,8678657721
853,Digitube,7214527427
854,Twinder,9276845463
855,Zoombeat,3588363556
856,Abatz,8012064398
857,Mybuzz,1673826108
858,Dynazzy,2205605248
859,Aivee,8871344518
860,Buzzshare,6513276053
861,Quinu,5766509999
862,Voomm,5164838493
863,Zoomcast,5211918491
864,Browsebug,1867701984
865,Bluezoom,4691482848
866,Brainlounge,7312307172
867,Gabtype,8288074977
868,Topicshots,4475793786
869,Twiyo,3897196162
870,Avamm,1067988419
871,Vipe,7379007782
872,Feedfish,3378878557
873,Camido,6093729286
874,Fivespan,6658654876
875,Dablist,8955914576
876,Tagopia,3459305171
877,Jaxspan,2585698494
878,Edgewire,2343205747
879,Pixope,2829054559
880,Innojam,5552979123
881,Omba,1568812119
882,Nlounge,5234367873
883,Rhynyx,8177609384
884,Feedbug,7407022347
885,Kaymbo,3702921669
886,Agimba,4456146478
887,Twiyo,6709919878
888,Devpulse,5364933581
889,Zoomlounge,1538437651
890,Livepath,9492147541
891,Nlounge,5479482025
892,Jetpulse,4422024347
893,Linkbridge,8802266528
894,Bluejam,5586716713
895,Shufflester,1052791778
896,Voomm,5132983645
897,Brainverse,3837582290
898,Devify,5754850640
899,Feedfish,8145193396
900,Topiclounge,1435449028
901,Skynoodle,4302479409
902,Photolist,2283821487
903,Jetpulse,5291766477
904,Blogtags,4768364653
905,Realcube,9868722666
906,Skajo,7092650748
907,Dynabox,7981319892
908,Flashspan,8232848451
909,Zoomcast,1496926826
910,Mybuzz,9215233811
911,Tagchat,9933384084
912,Vidoo,5309616334
913,Roomm,1566234333
914,Demizz,2937757712
915,Vimbo,2782666954
916,Eayo,9208364465
917,Nlounge,7291038287
918,JumpXS,8109242043
919,Photofeed,5666883712
920,Meevee,7927028622
921,Linkbuzz,7525359259
922,Latz,1605397472
923,Eadel,1795585616
924,Eimbee,2031309546
925,Zoombox,5446031148
926,Jetpulse,5403512118
927,Twiyo,8052408048
928,Kare,2342845006
929,Zoomcast,7477191398
930,Gabvine,8762513018
931,Nlounge,8951957551
932,Meezzy,5301912354
933,Meejo,6314315445
934,Kimia,7054032409
935,Quamba,1911313742
936,Divanoodle,3233689486
937,Jayo,6827174382
938,Wordtune,8632217097
939,Tazz,6417820321
940,Browsebug,6426822279
941,Skynoodle,8004427067
942,Tazz,7414957987
943,Zoonder,2675273465
944,Edgewire,5022712597
945,Voonyx,5478533735
946,Bluezoom,2215038664
947,Brainverse,2134033460
948,Gigabox,9623884391
949,Geba,6242956436
950,Chatterpoint,5099619739
951,Skaboo,3547593067
952,Ozu,9416539298
953,Rhyzio,3368019658
954,Skimia,1039375340
955,Zooxo,1875008053
956,Feedspan,5099584177
957,Kare,4712666745
958,Eadel,5512113757
959,Demivee,9418305535
960,Riffwire,7955725837
961,Yodoo,5265215899
962,Trunyx,4093564529
963,Photobean,4289714733
964,Lazzy,9063814588
965,Jaxnation,4889388931
966,Myworks,1765473082
967,Voonix,2099146516
968,Mynte,4257781030
969,Photobug,1402541430
970,Wordtune,5296574987
971,Quinu,6047640221
972,Skimia,5327186443
973,Eidel,3629239571
974,Tagtune,8662466814
975,Gevee,7147889771
976,Devpulse,9237714857
977,Tagtune,4191754709
978,Fadeo,2767733595
979,Brainlounge,5399398994
980,Eamia,2354635510
981,Voonder,1364071076
982,Chatterpoint,3634018074
983,Livetube,5265757813
984,Jatri,4505457619
985,Photofeed,6879951738
986,Jayo,2899021473
987,Oyope,9086533140
988,Quaxo,3905139748
989,Skiba,9483348027
990,Topicware,7398529203
991,Meeveo,3119711621
992,Browsebug,1412549570
993,Fivechat,5829404623
994,Trudeo,8734687243
995,Lazz,6616229192
996,Browsebug,2549795383
997,Thoughtbeat,4514947513
998,Quire,2734102752
999,Browsetype,1532179006
1000,Dazzlesphere,9297306556
