OrderDetailID,OrderID,ProductID,Quantity,Price,Discount,CustomerID,EmployeeID,ShipperID,OrderDate,OrderStatusID,TotalAmount
1,1,1,7391,7726.0,24.0,1,1,1,2024-02-08,1,3384.34
2,2,2,5512,3054.83,23.6,2,2,2,2024-04-08,3,3641.81
3,3,3,2011,7834.91,63.1,3,3,3,2023-01-04,3,9440.66
4,4,4,7415,5719.81,77.4,4,4,4,2024-04-26,2,8077.46
5,5,5,1736,1504.0,88.7,5,5,5,2023-02-12,1,1739.36
6,6,6,1639,4906.04,15.1,6,6,6,2024-06-25,1,5948.65
7,7,7,8004,5430.3,25.7,7,7,7,2023-05-08,2,4068.08
8,8,8,1144,5806.76,22.1,8,8,8,2023-03-12,2,6952.21
9,9,9,9293,8489.9,83.9,9,9,9,2024-02-15,3,5768.37
10,10,10,9208,8.17,41.3,10,10,10,2023-05-25,2,2793.1
11,11,11,9145,1057.8,64.5,11,11,11,2023-05-24,2,1538.88
12,12,12,8916,6656.8,14.0,12,12,12,2023-05-02,3,7137.37
13,13,13,8676,2098.99,41.3,13,13,13,2023-04-18,2,3761.16
14,14,14,953,7725.92,33.5,14,14,14,2023-08-21,1,6085.48
15,15,15,3724,8015.21,83.0,15,15,15,2024-06-19,2,7884.57
16,16,16,5346,6411.53,92.8,16,16,16,2023-07-17,3,9188.42
17,17,17,1338,4442.18,46.1,17,17,17,2023-01-25,3,2535.25
18,18,18,4904,5989.18,80.6,18,18,18,2023-09-18,3,7486.93
19,19,19,5157,2030.95,60.4,19,19,19,2024-04-21,2,1132.5
20,20,20,9969,3816.54,67.6,20,20,20,2023-04-18,3,2325.51
21,21,21,6529,3719.46,42.0,21,21,21,2023-12-23,3,6274.5
22,22,22,4193,6609.97,65.6,22,22,22,2024-07-12,2,1015.31
23,23,23,4430,4565.84,43.3,23,23,23,2022-12-18,2,7111.86
24,24,24,963,4083.03,13.0,24,24,24,2024-07-22,3,6193.26
25,25,25,5553,5351.28,88.1,25,25,25,2022-12-29,3,1587.44
26,26,26,560,5345.71,52.1,26,26,26,2024-10-01,1,6674.84
27,27,27,7144,2591.97,12.0,27,27,27,2024-05-26,2,2389.86
28,28,28,3788,1775.91,61.3,28,28,28,2023-08-29,1,2979.71
29,29,29,1667,7489.43,63.9,29,29,29,2022-10-29,3,2818.14
30,30,30,6789,9482.07,44.6,30,30,30,2024-09-05,2,9168.99
31,31,31,2946,3327.52,15.6,31,31,31,2023-10-04,2,7309.68
32,32,32,7836,6721.01,90.6,32,32,32,2023-02-17,2,2447.89
33,33,33,1677,6352.05,68.9,33,33,33,2023-06-14,1,7808.68
34,34,34,9420,9902.29,28.8,34,34,34,2024-08-30,3,1293.65
35,35,35,2425,1545.33,96.6,35,35,35,2024-05-14,2,7861.08
36,36,36,5460,7995.92,23.9,36,36,36,2023-12-10,3,8975.34
37,37,37,805,8887.32,54.2,37,37,37,2023-06-24,1,6833.26
38,38,38,5488,8579.48,35.5,38,38,38,2023-11-06,2,1571.37
39,39,39,2511,7152.65,87.2,39,39,39,2024-09-01,1,9930.43
40,40,40,75,1785.78,16.1,40,40,40,2024-03-19,1,6618.36
41,41,41,7162,1208.88,37.1,41,41,41,2024-01-31,2,7506.49
42,42,42,3319,7078.57,69.8,42,42,42,2023-03-19,1,7300.29
43,43,43,2186,4670.21,62.1,43,43,43,2023-12-20,3,5493.89
44,44,44,9243,8530.21,43.4,44,44,44,2023-08-29,3,4837.96
45,45,45,6280,6617.56,40.5,45,45,45,2023-07-23,1,588.54
46,46,46,9257,5110.18,74.8,46,46,46,2024-04-01,1,7070.43
47,47,47,156,8947.71,26.5,47,47,47,2023-05-17,2,6847.35
48,48,48,6788,3048.24,65.2,48,48,48,2023-01-13,1,4551.02
49,49,49,8710,3999.05,29.8,49,49,49,2024-07-17,1,4190.44
50,50,50,6733,9438.11,14.3,50,50,50,2024-04-09,2,1062.32
51,51,51,8861,2321.16,21.0,51,51,51,2023-02-26,1,8034.66
52,52,52,2270,4825.61,1.2,52,52,52,2023-08-14,1,1655.14
53,53,53,9560,2701.8,45.0,53,53,53,2023-07-29,3,9105.31
54,54,54,3555,7270.14,72.7,54,54,54,2024-08-03,3,2466.22
55,55,55,9187,556.91,55.0,55,55,55,2024-01-13,2,6805.72
56,56,56,8462,8014.01,32.3,56,56,56,2023-11-19,3,6965.25
57,57,57,8991,9408.91,7.9,57,57,57,2024-08-30,2,868.52
58,58,58,9538,6149.52,5.8,58,58,58,2022-12-13,1,229.19
59,59,59,1840,1128.23,29.7,59,59,59,2024-10-09,1,2222.66
60,60,60,7554,3164.5,74.5,60,60,60,2024-09-25,3,3288.47
61,61,61,9351,5518.27,32.8,61,61,61,2024-09-10,1,8857.74
62,62,62,9344,5761.93,87.8,62,62,62,2023-09-26,2,9709.09
63,63,63,6544,405.85,82.2,63,63,63,2024-06-23,2,9631.46
64,64,64,1378,3521.86,96.6,64,64,64,2023-08-19,2,1659.39
65,65,65,5991,9021.21,16.4,65,65,65,2023-06-05,2,208.9
66,66,66,4219,6875.22,95.8,66,66,66,2024-02-26,3,900.17
67,67,67,6938,1996.53,58.8,67,67,67,2023-03-31,3,6659.19
68,68,68,27,4321.0,61.3,68,68,68,2023-01-30,2,9999.93
69,69,69,3018,9672.8,25.8,69,69,69,2023-02-10,2,7049.47
70,70,70,7170,7945.26,54.2,70,70,70,2024-03-18,2,4124.65
71,71,71,2833,2977.86,89.1,71,71,71,2024-01-14,2,8349.83
72,72,72,9619,1825.42,49.9,72,72,72,2023-10-19,2,7904.1
73,73,73,8224,158.95,8.8,73,73,73,2024-09-14,3,6403.92
74,74,74,6622,4367.15,45.2,74,74,74,2022-11-19,3,5933.37
75,75,75,7172,1964.79,94.7,75,75,75,2022-11-09,2,616.45
76,76,76,342,1151.1,95.2,76,76,76,2023-12-26,3,2429.74
77,77,77,967,4996.11,62.3,77,77,77,2023-08-13,2,6718.01
78,78,78,9526,9584.46,21.9,78,78,78,2024-04-10,1,4785.85
79,79,79,6985,7335.39,21.2,79,79,79,2023-08-03,3,2690.2
80,80,80,8465,9649.67,41.6,80,80,80,2022-12-20,2,4618.14
81,81,81,6299,962.37,49.1,81,81,81,2024-09-06,3,4572.65
82,82,82,571,9140.53,92.1,82,82,82,2023-09-15,2,8772.65
83,83,83,5799,5016.76,56.8,83,83,83,2024-04-11,2,9733.75
84,84,84,6145,6236.6,33.9,84,84,84,2023-07-23,2,5794.07
85,85,85,8398,2578.76,95.4,85,85,85,2024-08-29,2,2262.64
86,86,86,3895,8962.56,83.5,86,86,86,2023-09-25,3,6054.54
87,87,87,3914,9408.83,7.8,87,87,87,2024-03-11,1,7616.78
88,88,88,869,2965.72,50.4,88,88,88,2024-09-21,1,956.9
89,89,89,5354,8326.6,40.7,89,89,89,2024-06-04,3,8707.3
90,90,90,2207,8278.46,48.6,90,90,90,2023-02-25,1,2363.54
91,91,91,434,9775.58,20.0,91,91,91,2024-08-20,2,1579.95
92,92,92,6313,4888.6,36.2,92,92,92,2024-05-05,1,8565.96
93,93,93,4811,7745.49,30.7,93,93,93,2023-04-14,3,2109.98
94,94,94,2574,1528.51,17.2,94,94,94,2023-02-21,1,5613.93
95,95,95,3455,668.17,72.3,95,95,95,2023-11-27,3,4964.52
96,96,96,1991,8181.78,53.9,96,96,96,2023-04-16,3,7407.85
97,97,97,6721,262.12,81.5,97,97,97,2024-08-04,1,2150.16
98,98,98,5734,2614.35,72.9,98,98,98,2023-12-16,3,4800.78
99,99,99,7633,6668.84,69.0,99,99,99,2024-03-31,1,8981.06
100,100,100,8453,4377.44,74.0,100,100,100,2023-05-30,1,8388.26
101,101,101,2467,3254.09,50.1,101,101,101,2022-10-23,3,6404.78
102,102,102,3785,5120.8,96.2,102,102,102,2024-01-19,1,4574.9
103,103,103,8493,9424.2,64.9,103,103,103,2024-08-18,3,9971.36
104,104,104,1474,3632.77,80.9,104,104,104,2023-02-21,3,4719.48
105,105,105,7632,7700.27,44.1,105,105,105,2022-12-22,2,7872.0
106,106,106,7677,4961.35,45.7,106,106,106,2023-11-04,3,3389.44
107,107,107,1590,3441.54,11.0,107,107,107,2023-01-09,2,8540.48
108,108,108,3977,3457.61,21.4,108,108,108,2022-12-02,1,1301.82
109,109,109,8592,6240.05,34.4,109,109,109,2023-10-09,1,3607.16
110,110,110,7919,1981.67,97.7,110,110,110,2024-06-11,3,5490.55
111,111,111,4926,1423.77,35.9,111,111,111,2024-06-03,3,80.11
112,112,112,1286,9981.22,90.5,112,112,112,2023-10-08,3,2550.1
113,113,113,4784,5024.05,88.6,113,113,113,2024-09-21,3,2198.93
114,114,114,3962,3260.5,26.2,114,114,114,2024-08-14,1,7317.3
115,115,115,6954,3.22,91.7,115,115,115,2023-06-24,3,7558.78
116,116,116,5121,4510.43,64.0,116,116,116,2023-07-05,3,4324.75
117,117,117,7493,8878.13,42.9,117,117,117,2023-09-02,3,6784.85
118,118,118,3580,933.69,1.3,118,118,118,2024-06-28,2,2928.92
119,119,119,5082,8541.06,59.3,119,119,119,2023-01-01,1,3162.62
120,120,120,4464,1853.79,79.5,120,120,120,2024-06-06,3,5301.1
121,121,121,75,5413.95,23.0,121,121,121,2022-12-29,3,7417.79
122,122,122,2826,3551.7,14.2,122,122,122,2023-07-16,3,4852.04
123,123,123,4294,7701.41,90.1,123,123,123,2024-02-13,3,2210.79
124,124,124,7427,7007.79,39.5,124,124,124,2023-10-26,1,8829.89
125,125,125,1705,2971.49,8.1,125,125,125,2024-03-23,1,2088.0
126,126,126,7940,8243.63,88.6,126,126,126,2023-08-06,3,7026.06
127,127,127,1380,9305.4,1.7,127,127,127,2024-05-13,1,932.46
128,128,128,5333,3690.5,25.4,128,128,128,2023-11-07,1,9859.47
129,129,129,7501,5153.65,46.3,129,129,129,2023-05-27,2,3050.01
130,130,130,7279,834.11,15.7,130,130,130,2023-08-17,3,3696.42
131,131,131,9990,8296.74,21.0,131,131,131,2024-04-27,3,8038.05
132,132,132,120,5766.01,26.6,132,132,132,2024-08-24,1,8786.06
133,133,133,8798,2121.4,8.8,133,133,133,2024-06-26,2,1589.25
134,134,134,1017,9104.15,94.6,134,134,134,2023-05-27,1,3184.82
135,135,135,2973,3812.4,19.9,135,135,135,2024-04-02,2,2572.46
136,136,136,4130,2632.65,78.5,136,136,136,2024-07-01,2,5045.39
137,137,137,5734,878.18,31.5,137,137,137,2023-05-12,2,5010.93
138,138,138,7898,3340.26,95.9,138,138,138,2024-08-26,2,5255.8
139,139,139,3791,7747.52,50.1,139,139,139,2024-10-11,3,4667.03
140,140,140,6829,4767.7,92.1,140,140,140,2022-10-22,2,397.53
141,141,141,4493,3411.1,22.9,141,141,141,2023-09-26,2,8419.78
142,142,142,2034,1262.81,27.5,142,142,142,2024-10-01,3,2153.79
143,143,143,7359,3014.06,5.5,143,143,143,2023-11-05,3,7383.94
144,144,144,1728,2559.16,88.2,144,144,144,2024-01-24,2,7787.21
145,145,145,1969,315.73,28.8,145,145,145,2023-09-07,3,9425.41
146,146,146,2333,8870.72,68.0,146,146,146,2023-02-17,2,8869.63
147,147,147,6500,2146.17,7.4,147,147,147,2023-08-13,2,6441.64
148,148,148,4202,1291.57,86.0,148,148,148,2024-08-26,3,2410.03
149,149,149,7082,9286.18,40.0,149,149,149,2023-07-04,3,7130.66
150,150,150,2103,3804.77,70.0,150,150,150,2022-11-09,2,8628.64
151,151,151,7691,4613.06,38.9,151,151,151,2024-06-20,2,8871.52
152,152,152,3701,5820.46,32.8,152,152,152,2023-03-02,1,9034.63
153,153,153,2924,3892.43,30.2,153,153,153,2023-09-04,1,845.47
154,154,154,9660,8761.03,65.1,154,154,154,2024-10-18,1,2069.64
155,155,155,2292,3424.31,13.7,155,155,155,2024-10-11,3,7865.63
156,156,156,4974,2862.71,71.4,156,156,156,2024-02-13,1,1073.07
157,157,157,252,3040.19,37.6,157,157,157,2023-03-21,2,9176.44
158,158,158,7503,1444.85,2.6,158,158,158,2024-01-19,3,3251.2
159,159,159,3081,9484.41,84.2,159,159,159,2024-09-30,2,6209.63
160,160,160,1185,2271.21,20.7,160,160,160,2022-10-21,1,3476.55
161,161,161,490,4011.81,55.6,161,161,161,2024-03-05,1,276.46
162,162,162,9523,8344.02,96.4,162,162,162,2023-05-26,3,7278.06
163,163,163,9334,2079.44,56.5,163,163,163,2023-10-21,2,5491.24
164,164,164,2667,3290.39,34.7,164,164,164,2022-12-06,1,9414.15
165,165,165,8726,3918.85,49.4,165,165,165,2023-09-25,1,8079.17
166,166,166,7674,7545.69,58.6,166,166,166,2023-06-11,3,5465.26
167,167,167,9364,8747.36,48.3,167,167,167,2023-02-11,1,2117.19
168,168,168,9381,1687.47,50.5,168,168,168,2023-11-30,3,132.29
169,169,169,8029,8369.51,9.3,169,169,169,2024-05-19,1,8479.49
170,170,170,7260,4710.41,9.1,170,170,170,2024-08-19,3,2026.92
171,171,171,7272,1819.1,30.6,171,171,171,2023-09-20,2,852.36
172,172,172,9002,6854.09,91.1,172,172,172,2022-11-16,1,7320.14
173,173,173,5749,6596.9,22.8,173,173,173,2024-07-09,2,4375.62
174,174,174,8371,2634.01,98.3,174,174,174,2024-07-11,1,5420.33
175,175,175,541,3990.49,16.9,175,175,175,2024-03-16,1,6125.69
176,176,176,7554,2343.56,56.8,176,176,176,2024-08-06,2,2155.01
177,177,177,3429,9765.61,40.0,177,177,177,2023-02-05,3,6547.97
178,178,178,9039,514.71,94.4,178,178,178,2023-02-06,2,1999.94
179,179,179,1476,7514.16,90.9,179,179,179,2024-09-11,1,6020.88
180,180,180,8373,8496.35,26.2,180,180,180,2022-11-09,1,5622.31
181,181,181,7634,3497.03,14.0,181,181,181,2024-05-17,2,6035.74
182,182,182,9458,8328.19,61.9,182,182,182,2024-10-18,3,6247.49
183,183,183,6263,7076.54,17.1,183,183,183,2024-01-02,1,3276.31
184,184,184,897,4935.44,59.4,184,184,184,2024-01-14,1,6780.16
185,185,185,8063,9787.22,1.1,185,185,185,2024-07-06,2,3518.06
186,186,186,1554,6903.84,87.2,186,186,186,2024-01-06,2,5540.87
187,187,187,5494,4096.03,79.2,187,187,187,2023-03-19,2,1602.94
188,188,188,4502,7773.35,73.1,188,188,188,2023-01-02,3,7972.23
189,189,189,2792,6421.14,72.5,189,189,189,2024-03-12,3,1277.82
190,190,190,9674,8202.22,59.2,190,190,190,2024-01-21,3,8425.75
191,191,191,4386,4599.95,65.1,191,191,191,2023-11-26,3,5898.47
192,192,192,5643,7041.34,73.3,192,192,192,2023-09-27,3,9067.31
193,193,193,7203,3176.27,40.0,193,193,193,2022-11-01,2,4045.41
194,194,194,6281,6030.25,88.7,194,194,194,2023-01-05,3,8259.69
195,195,195,4474,620.08,14.4,195,195,195,2024-07-09,2,9901.87
196,196,196,2163,4394.18,65.1,196,196,196,2023-02-20,3,620.62
197,197,197,7118,5936.16,39.9,197,197,197,2023-08-08,2,8525.29
198,198,198,9170,5373.5,77.3,198,198,198,2023-03-27,1,843.37
199,199,199,7117,6079.18,56.9,199,199,199,2024-06-03,3,6487.6
200,200,200,5671,6221.83,46.5,200,200,200,2024-08-22,2,6048.73
201,201,201,7866,3078.8,33.4,201,201,201,2023-10-23,3,608.53
202,202,202,9972,7560.71,13.9,202,202,202,2023-09-12,2,1506.1
203,203,203,9499,2805.76,72.2,203,203,203,2024-03-21,2,2428.95
204,204,204,3202,4634.21,30.3,204,204,204,2024-01-07,1,4296.58
205,205,205,8973,3247.78,42.3,205,205,205,2023-04-07,1,9243.52
206,206,206,1895,518.8,38.2,206,206,206,2023-10-23,3,6883.16
207,207,207,1699,4027.64,4.4,207,207,207,2024-01-15,3,1815.54
208,208,208,989,9355.54,36.0,208,208,208,2024-06-09,1,4550.23
209,209,209,7252,9313.83,45.0,209,209,209,2023-12-10,2,4256.77
210,210,210,1422,557.78,37.2,210,210,210,2023-05-08,1,2284.23
211,211,211,102,4064.16,58.0,211,211,211,2023-12-04,3,4249.92
212,212,212,7166,1535.94,97.9,212,212,212,2023-10-28,2,6347.04
213,213,213,4455,7397.69,85.8,213,213,213,2023-11-03,2,3392.02
214,214,214,6616,3612.04,74.3,214,214,214,2024-03-30,1,9336.85
215,215,215,1599,3735.72,37.0,215,215,215,2024-05-16,2,3201.39
216,216,216,8884,3988.27,38.9,216,216,216,2023-07-10,1,5821.41
217,217,217,5520,1204.48,92.8,217,217,217,2024-03-31,3,6857.55
218,218,218,1645,7115.87,61.9,218,218,218,2023-05-11,3,421.75
219,219,219,2135,7082.7,7.9,219,219,219,2024-02-13,3,9985.67
220,220,220,1146,9949.18,14.5,220,220,220,2024-08-27,3,811.69
221,221,221,9966,6471.19,30.8,221,221,221,2023-01-23,1,3955.28
222,222,222,4083,2117.82,64.4,222,222,222,2023-05-21,1,3563.01
223,223,223,5573,9455.09,86.3,223,223,223,2023-10-22,3,2283.32
224,224,224,7101,7891.43,36.2,224,224,224,2024-01-16,2,9399.81
225,225,225,5103,2066.41,7.6,225,225,225,2024-05-23,1,4606.03
226,226,226,5943,8676.05,85.6,226,226,226,2024-05-12,1,8796.1
227,227,227,1262,7515.07,53.2,227,227,227,2023-08-23,2,6347.9
228,228,228,7808,6999.84,9.2,228,228,228,2024-06-14,2,4076.24
229,229,229,8850,9857.26,61.7,229,229,229,2024-04-23,2,4085.95
230,230,230,2218,2833.89,12.1,230,230,230,2024-03-28,1,2533.74
231,231,231,4400,1816.4,45.6,231,231,231,2023-02-21,3,4248.49
232,232,232,8474,2346.65,26.4,232,232,232,2024-09-01,3,7876.64
233,233,233,3746,6638.44,70.2,233,233,233,2024-10-09,2,3358.03
234,234,234,3204,1556.42,63.5,234,234,234,2024-02-06,1,8019.46
235,235,235,1418,6990.35,66.9,235,235,235,2024-05-20,3,559.63
236,236,236,7733,9497.13,29.4,236,236,236,2024-05-24,1,8937.43
237,237,237,8733,9472.07,75.5,237,237,237,2023-05-12,1,7257.61
238,238,238,8885,3277.09,14.0,238,238,238,2023-05-05,1,9641.46
239,239,239,5537,7119.65,18.1,239,239,239,2022-12-21,1,3835.1
240,240,240,4869,9067.21,62.2,240,240,240,2022-12-31,3,3233.57
241,241,241,9637,9636.9,93.2,241,241,241,2023-11-27,2,5614.92
242,242,242,512,9256.55,60.0,242,242,242,2023-09-07,1,5130.81
243,243,243,4548,8792.38,87.9,243,243,243,2024-01-29,1,3057.94
244,244,244,7947,1914.47,91.8,244,244,244,2022-11-22,2,5021.73
245,245,245,3343,8249.04,23.7,245,245,245,2023-10-21,1,4569.98
246,246,246,2087,100.8,18.8,246,246,246,2023-10-14,1,8551.2
247,247,247,8579,8059.34,49.6,247,247,247,2024-07-30,3,8052.67
248,248,248,3039,3786.56,75.4,248,248,248,2023-08-18,2,6441.55
249,249,249,3969,8976.17,42.3,249,249,249,2023-07-23,1,686.88
250,250,250,8120,7854.03,90.0,250,250,250,2024-04-01,3,3214.13
251,251,251,787,3833.15,41.3,251,251,251,2023-02-25,3,387.03
252,252,252,5266,1535.47,36.7,252,252,252,2022-12-08,1,1151.29
253,253,253,1620,2958.21,16.4,253,253,253,2023-03-20,1,7822.06
254,254,254,9725,6820.25,90.1,254,254,254,2022-10-28,3,9035.81
255,255,255,7180,3391.98,96.6,255,255,255,2023-12-03,2,4463.66
256,256,256,9175,7536.92,73.2,256,256,256,2024-06-16,1,9064.79
257,257,257,9006,479.5,56.3,257,257,257,2023-05-20,1,1773.57
258,258,258,856,7633.8,14.5,258,258,258,2023-05-13,1,8437.91
259,259,259,5782,1216.23,56.1,259,259,259,2024-06-12,1,3486.27
260,260,260,6600,4810.02,17.2,260,260,260,2024-06-16,1,4667.37
261,261,261,1260,6405.5,81.8,261,261,261,2023-04-03,2,9886.86
262,262,262,1489,2515.66,49.9,262,262,262,2023-06-28,3,5976.82
263,263,263,1127,717.49,27.2,263,263,263,2024-10-15,2,4736.38
264,264,264,1289,5630.59,8.1,264,264,264,2023-10-20,1,2903.25
265,265,265,5450,6788.73,81.7,265,265,265,2024-10-04,1,3456.45
266,266,266,8451,7556.82,65.0,266,266,266,2023-11-14,1,8021.89
267,267,267,8341,3463.73,22.0,267,267,267,2022-11-08,2,9654.28
268,268,268,2756,5002.04,71.7,268,268,268,2024-08-01,3,2556.91
269,269,269,5879,9852.07,51.8,269,269,269,2024-07-21,1,121.22
270,270,270,5310,1730.76,41.6,270,270,270,2023-01-12,1,8198.36
271,271,271,1820,9996.84,84.1,271,271,271,2024-09-08,1,7761.62
272,272,272,8616,3448.66,27.5,272,272,272,2024-09-14,3,1458.65
273,273,273,9398,410.84,34.2,273,273,273,2023-12-12,3,3262.94
274,274,274,9539,8821.22,31.4,274,274,274,2024-08-11,2,2366.23
275,275,275,7134,1910.45,2.3,275,275,275,2023-11-03,1,462.93
276,276,276,8124,7663.26,67.5,276,276,276,2023-02-23,1,4334.91
277,277,277,2596,3288.77,22.1,277,277,277,2024-03-11,3,890.26
278,278,278,5123,1743.9,59.1,278,278,278,2023-04-10,1,2956.07
279,279,279,4927,5304.73,2.3,279,279,279,2023-03-04,3,3003.6
280,280,280,1013,9617.91,35.2,280,280,280,2023-06-29,3,7397.69
281,281,281,3436,8806.2,29.1,281,281,281,2023-03-23,1,9753.78
282,282,282,7745,2197.62,89.5,282,282,282,2024-02-28,2,4640.87
283,283,283,1365,3071.04,16.4,283,283,283,2024-10-10,2,9404.72
284,284,284,7583,1984.55,33.1,284,284,284,2023-05-13,3,8018.43
285,285,285,6392,2737.25,63.9,285,285,285,2023-02-07,3,9294.04
286,286,286,8673,4606.1,82.1,286,286,286,2023-05-10,2,1059.19
287,287,287,5863,5573.69,53.3,287,287,287,2023-09-16,3,7881.87
288,288,288,9847,6434.52,46.3,288,288,288,2024-07-31,3,2109.57
289,289,289,3418,2075.91,90.5,289,289,289,2024-08-15,2,9960.85
290,290,290,3962,6932.44,83.3,290,290,290,2024-04-09,3,1118.72
291,291,291,1715,4585.6,93.7,291,291,291,2022-12-10,3,9608.79
292,292,292,892,1790.8,11.5,292,292,292,2024-08-18,1,4748.97
293,293,293,5860,3763.18,28.9,293,293,293,2024-05-28,3,4054.17
294,294,294,3901,4061.33,1.2,294,294,294,2023-12-14,1,1549.74
295,295,295,2735,7702.3,52.4,295,295,295,2023-01-24,3,604.46
296,296,296,5173,8058.55,66.9,296,296,296,2023-03-10,3,2176.48
297,297,297,3785,3729.23,13.0,297,297,297,2023-03-18,3,7315.26
298,298,298,3204,8500.33,92.0,298,298,298,2024-07-23,3,8556.04
299,299,299,4777,9728.29,75.8,299,299,299,2023-03-08,3,9023.79
300,300,300,351,7496.7,67.3,300,300,300,2023-11-20,3,2970.06
301,301,301,3593,2428.22,53.3,301,301,301,2024-06-12,1,1103.27
302,302,302,9854,9957.59,11.6,302,302,302,2024-06-18,2,6949.23
303,303,303,8358,8429.97,20.2,303,303,303,2024-05-12,3,6508.1
304,304,304,5432,7710.13,92.8,304,304,304,2023-11-24,1,3381.98
305,305,305,9390,6499.7,46.1,305,305,305,2023-07-04,1,4218.2
306,306,306,6413,3417.96,34.7,306,306,306,2024-10-03,2,4701.33
307,307,307,9270,6240.41,42.2,307,307,307,2023-02-19,2,6528.25
308,308,308,9599,316.01,36.6,308,308,308,2023-06-13,2,2943.43
309,309,309,478,6962.9,53.6,309,309,309,2024-06-27,2,7416.6
310,310,310,7999,7162.99,19.9,310,310,310,2023-10-02,2,5185.76
311,311,311,1502,3006.21,87.8,311,311,311,2023-07-13,1,9706.5
312,312,312,9011,2646.51,13.4,312,312,312,2024-09-02,2,7917.15
313,313,313,9985,9556.69,26.9,313,313,313,2024-04-29,1,4765.93
314,314,314,3363,2398.64,23.2,314,314,314,2024-04-13,3,2053.21
315,315,315,7692,487.34,42.9,315,315,315,2023-11-18,2,3495.61
316,316,316,7598,940.76,79.2,316,316,316,2023-04-10,2,7993.85
317,317,317,1928,9789.6,26.6,317,317,317,2023-10-03,3,5653.59
318,318,318,8380,2142.82,39.7,318,318,318,2024-10-15,1,4972.47
319,319,319,3038,973.02,38.4,319,319,319,2024-07-31,2,2487.44
320,320,320,570,8271.74,82.0,320,320,320,2023-11-29,2,7882.26
321,321,321,4714,4202.61,48.2,321,321,321,2024-08-05,2,1342.75
322,322,322,1285,7541.98,62.1,322,322,322,2023-03-24,2,6240.47
323,323,323,1095,2335.44,31.0,323,323,323,2024-05-23,2,4263.48
324,324,324,5679,4037.89,81.0,324,324,324,2024-02-29,1,9224.54
325,325,325,8642,4635.11,70.8,325,325,325,2023-01-22,2,5485.45
326,326,326,700,3027.95,52.4,326,326,326,2024-04-24,1,7099.7
327,327,327,5902,1258.81,93.0,327,327,327,2023-10-19,1,658.48
328,328,328,9869,2442.13,78.8,328,328,328,2024-07-29,1,949.99
329,329,329,3864,5818.59,69.4,329,329,329,2023-06-06,3,4910.94
330,330,330,9075,1983.03,42.4,330,330,330,2023-01-06,2,6007.76
331,331,331,2653,8597.22,96.8,331,331,331,2023-08-11,1,2065.41
332,332,332,8042,4913.9,90.4,332,332,332,2024-04-11,3,1788.11
333,333,333,836,4249.78,1.6,333,333,333,2023-06-10,1,1858.22
334,334,334,2376,9019.54,95.0,334,334,334,2022-11-01,1,7117.1
335,335,335,9775,1020.41,9.3,335,335,335,2023-03-05,3,604.23
336,336,336,8633,4183.01,42.2,336,336,336,2024-04-07,3,237.97
337,337,337,5243,702.01,21.6,337,337,337,2022-12-18,1,2288.33
338,338,338,5174,1391.54,21.6,338,338,338,2023-10-11,2,2864.13
339,339,339,7608,3547.67,52.3,339,339,339,2023-06-25,1,5678.81
340,340,340,9305,9627.85,85.5,340,340,340,2024-03-14,1,2120.78
341,341,341,8178,5363.85,28.3,341,341,341,2023-10-21,1,8953.14
342,342,342,5144,5905.87,94.6,342,342,342,2024-05-15,2,6543.2
343,343,343,7068,9694.69,90.8,343,343,343,2022-11-11,2,9009.78
344,344,344,4868,8384.01,90.6,344,344,344,2023-12-21,2,8770.85
345,345,345,5322,7223.29,21.3,345,345,345,2023-09-16,1,7672.27
346,346,346,5930,6074.4,25.5,346,346,346,2024-04-10,1,8929.07
347,347,347,7189,371.43,2.5,347,347,347,2023-03-11,2,5099.19
348,348,348,8828,5072.87,25.7,348,348,348,2023-10-21,3,5124.84
349,349,349,613,7283.4,44.5,349,349,349,2023-07-06,2,683.08
350,350,350,7539,3368.75,73.3,350,350,350,2023-12-14,2,4577.24
351,351,351,7135,1700.5,83.4,351,351,351,2023-11-10,3,7684.37
352,352,352,9565,6923.6,40.7,352,352,352,2024-01-26,2,6963.58
353,353,353,8313,1470.76,9.5,353,353,353,2024-02-13,2,9596.92
354,354,354,7827,3919.78,4.9,354,354,354,2024-03-31,1,4315.98
355,355,355,1594,9280.36,68.8,355,355,355,2024-01-08,3,1211.94
356,356,356,6888,2277.11,37.4,356,356,356,2024-03-28,2,4981.66
357,357,357,5378,5725.98,48.8,357,357,357,2023-08-23,2,4455.6
358,358,358,1678,1955.37,3.2,358,358,358,2024-01-21,3,2706.23
359,359,359,857,2727.48,34.5,359,359,359,2022-10-26,2,7473.52
360,360,360,133,547.36,30.5,360,360,360,2023-03-06,1,3854.99
361,361,361,9243,1386.55,46.1,361,361,361,2023-11-19,2,9901.81
362,362,362,8607,190.8,50.2,362,362,362,2023-09-29,3,3632.4
363,363,363,7145,2603.54,38.2,363,363,363,2023-04-03,1,5655.74
364,364,364,5779,3630.07,18.8,364,364,364,2024-01-05,1,7231.26
365,365,365,7663,4968.14,42.9,365,365,365,2024-05-01,3,2298.23
366,366,366,1886,4082.26,34.1,366,366,366,2023-09-08,2,5792.99
367,367,367,7498,8300.57,76.2,367,367,367,2023-01-20,2,1023.96
368,368,368,7968,7949.62,31.8,368,368,368,2023-01-05,2,625.9
369,369,369,6815,5324.53,77.4,369,369,369,2024-07-09,1,6178.45
370,370,370,9315,4858.95,51.4,370,370,370,2023-10-04,3,2509.25
371,371,371,5059,5838.05,27.5,371,371,371,2024-09-10,1,8188.66
372,372,372,2324,7955.33,84.5,372,372,372,2024-03-16,1,5210.74
373,373,373,1085,7152.82,42.3,373,373,373,2024-08-09,2,8383.29
374,374,374,6440,5199.59,44.2,374,374,374,2024-03-09,3,8476.53
375,375,375,2096,779.77,80.7,375,375,375,2023-05-04,3,6695.41
376,376,376,957,1026.67,95.4,376,376,376,2023-01-15,3,8190.88
377,377,377,2650,905.8,19.4,377,377,377,2023-10-04,1,1330.57
378,378,378,4519,5276.45,84.8,378,378,378,2023-07-12,3,2291.8
379,379,379,9645,2170.72,65.7,379,379,379,2022-10-26,3,9700.29
380,380,380,1695,9560.64,63.7,380,380,380,2024-02-06,2,7656.19
381,381,381,2455,9756.24,9.6,381,381,381,2024-10-14,1,8565.74
382,382,382,6971,1565.85,43.4,382,382,382,2023-09-17,2,8034.82
383,383,383,8406,3837.35,85.7,383,383,383,2023-12-09,1,4581.26
384,384,384,113,9517.39,8.9,384,384,384,2024-07-03,3,6753.47
385,385,385,555,2580.27,5.6,385,385,385,2023-10-25,3,1959.86
386,386,386,2678,3040.45,22.5,386,386,386,2023-11-03,3,7534.47
387,387,387,1409,1395.29,17.8,387,387,387,2023-09-23,2,4170.41
388,388,388,6449,9298.25,3.0,388,388,388,2023-06-12,1,8322.0
389,389,389,3305,8763.12,8.1,389,389,389,2023-07-13,3,5917.68
390,390,390,9494,4689.44,92.4,390,390,390,2023-04-22,2,7097.07
391,391,391,2385,7820.31,59.0,391,391,391,2023-03-19,2,1634.11
392,392,392,7820,2228.45,46.5,392,392,392,2022-12-10,1,2605.84
393,393,393,6415,5917.14,63.3,393,393,393,2023-11-24,1,576.77
394,394,394,3387,5164.69,24.4,394,394,394,2023-01-18,2,1380.95
395,395,395,6428,109.82,6.5,395,395,395,2023-05-21,1,6974.96
396,396,396,4399,178.72,6.3,396,396,396,2024-02-10,2,6290.65
397,397,397,4382,6301.84,51.7,397,397,397,2023-09-10,2,9732.03
398,398,398,9251,3479.55,36.8,398,398,398,2023-03-19,3,6616.26
399,399,399,9891,8801.48,66.8,399,399,399,2022-12-30,3,2796.62
400,400,400,8192,6853.86,47.1,400,400,400,2024-08-30,1,9135.02
401,401,401,4799,2616.24,98.2,401,401,401,2024-01-10,2,4074.95
402,402,402,7732,9241.64,84.2,402,402,402,2023-09-14,2,2313.45
403,403,403,2094,723.61,70.2,403,403,403,2023-04-28,1,1547.43
404,404,404,1893,7399.71,75.5,404,404,404,2023-09-22,1,2381.78
405,405,405,2257,6662.8,45.1,405,405,405,2024-04-28,1,9024.46
406,406,406,8285,8619.62,15.2,406,406,406,2023-08-19,2,9604.62
407,407,407,3866,1005.13,68.9,407,407,407,2023-11-30,3,3388.44
408,408,408,8225,2567.02,47.6,408,408,408,2023-03-13,1,4195.15
409,409,409,9267,6579.98,93.9,409,409,409,2023-10-12,1,4057.06
410,410,410,953,1719.28,63.9,410,410,410,2024-03-15,1,8095.74
411,411,411,6794,2424.79,66.0,411,411,411,2024-03-05,2,7111.42
412,412,412,6483,7207.15,75.7,412,412,412,2023-08-05,1,5366.72
413,413,413,5011,3794.84,35.3,413,413,413,2024-07-07,1,1569.51
414,414,414,161,4652.38,44.7,414,414,414,2023-04-06,3,6650.37
415,415,415,5392,6084.36,11.7,415,415,415,2023-04-03,1,9657.45
416,416,416,9654,4220.69,96.4,416,416,416,2024-07-22,2,6960.65
417,417,417,9325,1069.75,51.4,417,417,417,2023-02-20,2,3689.93
418,418,418,3424,3935.74,50.0,418,418,418,2024-07-04,2,4133.01
419,419,419,2466,9003.77,70.3,419,419,419,2024-03-27,2,6473.69
420,420,420,3252,6453.86,19.8,420,420,420,2023-01-08,1,7923.18
421,421,421,2801,3394.45,33.2,421,421,421,2024-01-26,2,4795.0
422,422,422,324,4000.08,25.6,422,422,422,2023-09-04,2,4282.09
423,423,423,9748,3896.75,35.9,423,423,423,2022-12-12,3,3403.89
424,424,424,7505,1552.58,44.3,424,424,424,2023-01-03,2,7493.5
425,425,425,1925,2405.24,79.4,425,425,425,2022-11-09,1,2344.68
426,426,426,4850,9223.05,65.5,426,426,426,2024-01-20,3,6582.39
427,427,427,6403,2127.34,81.5,427,427,427,2024-09-14,1,2087.78
428,428,428,1535,4841.97,60.8,428,428,428,2022-10-20,1,538.83
429,429,429,6001,6238.8,15.8,429,429,429,2022-12-27,3,2553.26
430,430,430,9771,4121.37,45.9,430,430,430,2024-05-04,1,4912.15
431,431,431,4156,9751.66,62.5,431,431,431,2024-02-24,1,172.17
432,432,432,695,5791.14,90.4,432,432,432,2023-04-26,2,9594.68
433,433,433,2388,7780.27,85.2,433,433,433,2023-01-26,1,2809.09
434,434,434,5454,8853.98,88.2,434,434,434,2022-10-31,2,6977.41
435,435,435,7668,3510.28,95.1,435,435,435,2022-11-10,1,7251.13
436,436,436,8359,1321.8,18.8,436,436,436,2024-05-21,1,1903.85
437,437,437,6005,5972.39,39.5,437,437,437,2024-10-15,1,3368.02
438,438,438,2278,1507.24,85.5,438,438,438,2023-08-29,2,7257.32
439,439,439,3394,2759.05,85.1,439,439,439,2023-03-19,1,1719.68
440,440,440,421,8203.95,70.3,440,440,440,2023-06-15,2,1826.84
441,441,441,5512,6874.3,62.7,441,441,441,2024-08-06,3,6429.71
442,442,442,5913,5102.9,65.3,442,442,442,2024-05-31,1,4767.98
443,443,443,4851,1264.6,14.0,443,443,443,2022-11-09,2,4559.31
444,444,444,717,4764.89,54.9,444,444,444,2023-09-05,2,5672.87
445,445,445,2194,5243.57,4.2,445,445,445,2024-07-06,2,5345.57
446,446,446,5357,8237.92,30.6,446,446,446,2024-07-04,2,3685.41
447,447,447,2000,4195.48,43.2,447,447,447,2023-03-17,3,3535.5
448,448,448,2784,8308.45,68.3,448,448,448,2023-11-08,2,3594.59
449,449,449,7546,9328.32,54.0,449,449,449,2023-04-18,2,1325.27
450,450,450,9901,945.44,71.6,450,450,450,2022-10-31,1,864.57
451,451,451,2948,215.61,18.3,451,451,451,2024-04-09,1,1151.82
452,452,452,7849,6403.23,34.7,452,452,452,2024-10-05,2,7773.11
453,453,453,7995,951.03,84.4,453,453,453,2024-03-01,3,4218.51
454,454,454,9867,3021.34,91.3,454,454,454,2024-10-08,2,1900.72
455,455,455,3949,6306.78,17.0,455,455,455,2024-04-12,2,7309.39
456,456,456,7954,1614.38,79.6,456,456,456,2024-09-10,1,6573.04
457,457,457,3122,3451.08,72.0,457,457,457,2024-06-19,3,764.83
458,458,458,7199,5504.54,45.8,458,458,458,2022-12-09,2,855.99
459,459,459,2615,4866.45,37.0,459,459,459,2022-12-18,2,6663.27
460,460,460,1437,8888.32,17.6,460,460,460,2024-01-08,1,4441.17
461,461,461,6105,4522.56,86.9,461,461,461,2023-08-21,3,5867.5
462,462,462,1124,6969.5,66.6,462,462,462,2022-11-08,1,9183.84
463,463,463,9307,9895.33,81.1,463,463,463,2024-03-07,1,1636.92
464,464,464,9963,9683.56,56.7,464,464,464,2024-09-16,1,8351.02
465,465,465,580,3685.62,50.0,465,465,465,2023-05-12,1,8804.62
466,466,466,2200,9705.03,33.4,466,466,466,2024-05-29,3,6478.55
467,467,467,6884,7736.43,78.1,467,467,467,2024-08-18,1,6809.14
468,468,468,3479,639.49,81.7,468,468,468,2022-12-29,2,9077.85
469,469,469,2077,8325.47,17.5,469,469,469,2024-05-08,2,2682.83
470,470,470,5557,9849.23,37.3,470,470,470,2022-11-14,1,6488.16
471,471,471,5774,8196.95,77.7,471,471,471,2023-05-15,1,9372.49
472,472,472,5718,7384.57,97.7,472,472,472,2024-05-31,2,8621.95
473,473,473,2937,5590.72,40.6,473,473,473,2023-02-21,2,2164.59
474,474,474,9806,5153.27,64.1,474,474,474,2024-02-07,3,1271.47
475,475,475,1257,2650.46,34.2,475,475,475,2024-08-23,3,1192.52
476,476,476,6045,1678.35,89.9,476,476,476,2023-09-11,1,53.52
477,477,477,1038,6627.68,67.6,477,477,477,2023-01-25,2,1114.12
478,478,478,410,1829.52,12.0,478,478,478,2023-12-28,1,2598.26
479,479,479,9142,410.14,14.5,479,479,479,2024-07-18,1,8070.42
480,480,480,1418,1620.59,50.4,480,480,480,2023-11-05,1,1509.64
481,481,481,3062,2084.9,52.2,481,481,481,2024-08-04,2,4916.47
482,482,482,2832,7895.15,63.8,482,482,482,2022-12-17,2,3430.28
483,483,483,76,5321.29,79.5,483,483,483,2023-02-04,3,1446.07
484,484,484,2095,9888.75,11.5,484,484,484,2024-05-05,3,2961.53
485,485,485,2854,109.42,76.0,485,485,485,2023-06-29,2,1139.04
486,486,486,5423,9249.49,12.5,486,486,486,2024-03-07,3,6300.71
487,487,487,6168,2100.91,52.5,487,487,487,2024-05-05,1,301.28
488,488,488,1439,3896.79,54.6,488,488,488,2024-09-20,3,2494.1
489,489,489,1401,9314.48,72.5,489,489,489,2023-02-01,1,2276.61
490,490,490,1501,6635.03,24.4,490,490,490,2024-07-25,2,6472.12
491,491,491,787,2786.58,76.0,491,491,491,2023-04-26,1,1411.11
492,492,492,6375,644.62,33.1,492,492,492,2024-07-23,3,9515.6
493,493,493,2360,2601.09,45.1,493,493,493,2023-05-22,1,6348.86
494,494,494,8472,5105.94,41.8,494,494,494,2023-06-30,1,4022.15
495,495,495,2161,9208.79,54.2,495,495,495,2024-10-03,3,9831.62
496,496,496,4365,4135.82,2.0,496,496,496,2022-10-30,1,1091.37
497,497,497,1892,8646.72,47.0,497,497,497,2023-07-03,3,7880.49
498,498,498,4807,7656.25,98.7,498,498,498,2024-01-21,2,8824.72
499,499,499,1117,1984.53,58.4,499,499,499,2022-10-23,2,7149.72
500,500,500,7623,9965.36,42.1,500,500,500,2024-02-25,3,6657.82
501,501,501,9126,8664.94,87.2,501,501,501,2023-11-05,2,8403.0
502,502,502,5062,7769.85,13.9,502,502,502,2023-01-25,1,6119.09
503,503,503,349,5359.87,58.9,503,503,503,2023-03-18,1,7654.35
504,504,504,1875,6790.6,47.5,504,504,504,2023-08-19,2,4165.04
505,505,505,9659,6341.19,78.0,505,505,505,2024-04-17,1,5326.46
506,506,506,2981,4413.01,39.0,506,506,506,2023-10-15,3,7004.53
507,507,507,5538,5221.45,45.8,507,507,507,2022-11-16,1,2806.66
508,508,508,7247,4931.45,35.8,508,508,508,2023-07-18,1,5489.37
509,509,509,4323,1591.88,16.0,509,509,509,2024-04-28,1,7739.68
510,510,510,9762,6874.73,12.9,510,510,510,2023-04-21,1,940.22
511,511,511,9527,1171.9,16.7,511,511,511,2024-07-02,1,1773.82
512,512,512,656,4693.05,30.6,512,512,512,2024-04-17,1,1932.68
513,513,513,3023,3795.73,47.8,513,513,513,2024-03-26,3,8162.58
514,514,514,9,1415.45,56.1,514,514,514,2022-12-18,1,3462.35
515,515,515,5121,94.54,35.4,515,515,515,2023-12-01,3,1037.74
516,516,516,8528,9415.29,47.0,516,516,516,2024-04-23,2,527.96
517,517,517,2943,1593.0,41.8,517,517,517,2022-10-23,2,9929.58
518,518,518,3077,5957.77,91.9,518,518,518,2024-05-06,1,4308.61
519,519,519,295,6484.86,48.6,519,519,519,2023-09-09,1,1022.94
520,520,520,1263,1491.7,21.1,520,520,520,2023-06-04,2,2587.33
521,521,521,2139,9224.84,14.7,521,521,521,2022-11-18,3,9432.78
522,522,522,20,7339.73,31.4,522,522,522,2022-10-26,3,8079.97
523,523,523,6481,1316.13,56.8,523,523,523,2023-04-13,3,9863.41
524,524,524,3303,5233.97,12.6,524,524,524,2024-09-30,2,2500.75
525,525,525,5019,6243.55,91.2,525,525,525,2023-03-15,3,1388.89
526,526,526,6069,3959.43,48.3,526,526,526,2023-07-15,2,6463.77
527,527,527,8121,3854.84,8.5,527,527,527,2023-06-13,2,6924.15
528,528,528,8494,248.13,60.6,528,528,528,2024-04-21,2,609.63
529,529,529,1617,4440.4,60.0,529,529,529,2023-08-20,2,2982.26
530,530,530,1106,63.8,66.8,530,530,530,2023-09-24,2,1997.62
531,531,531,6196,4700.18,60.2,531,531,531,2024-04-15,1,4664.6
532,532,532,9458,9668.82,23.5,532,532,532,2023-04-17,1,1451.44
533,533,533,3551,7209.97,36.9,533,533,533,2023-02-17,1,8908.31
534,534,534,3922,4298.05,55.6,534,534,534,2023-09-17,2,1713.48
535,535,535,5656,269.6,91.9,535,535,535,2022-11-18,1,383.32
536,536,536,3144,540.33,30.6,536,536,536,2023-01-05,3,438.27
537,537,537,6153,9570.89,49.4,537,537,537,2023-09-07,3,5132.82
538,538,538,1457,4066.61,23.9,538,538,538,2024-03-15,2,2241.31
539,539,539,5780,8517.39,89.7,539,539,539,2024-08-23,3,551.89
540,540,540,5977,4666.04,51.0,540,540,540,2023-03-30,2,3744.72
541,541,541,279,9059.8,42.3,541,541,541,2024-01-01,1,3524.28
542,542,542,432,2562.49,10.0,542,542,542,2024-04-20,3,6706.65
543,543,543,843,6343.54,20.0,543,543,543,2024-07-14,2,5633.05
544,544,544,779,2797.99,52.6,544,544,544,2024-08-30,3,1939.51
545,545,545,5926,3905.75,80.7,545,545,545,2023-02-15,3,6418.31
546,546,546,9474,6982.16,15.4,546,546,546,2024-04-15,1,5182.66
547,547,547,9739,8225.57,15.0,547,547,547,2024-09-11,2,2796.31
548,548,548,8672,110.76,57.8,548,548,548,2023-07-15,2,3465.82
549,549,549,95,6948.07,6.9,549,549,549,2024-08-11,3,9807.75
550,550,550,6576,9238.8,8.2,550,550,550,2023-06-11,3,7219.31
551,551,551,9071,9773.57,28.6,551,551,551,2023-07-16,1,7788.97
552,552,552,2592,9218.12,95.2,552,552,552,2024-09-27,3,7069.06
553,553,553,7159,8342.72,35.6,553,553,553,2024-05-01,1,4641.95
554,554,554,4395,6471.45,98.6,554,554,554,2024-10-01,2,9648.94
555,555,555,7563,5449.32,25.9,555,555,555,2024-04-10,1,3286.49
556,556,556,7696,6089.81,47.4,556,556,556,2023-01-24,2,5274.32
557,557,557,9032,1436.77,35.4,557,557,557,2024-08-13,2,2803.32
558,558,558,5171,9260.26,26.8,558,558,558,2024-04-21,2,6615.58
559,559,559,8986,9020.46,2.9,559,559,559,2024-08-01,2,9028.27
560,560,560,5273,5875.76,30.1,560,560,560,2024-07-30,2,5713.84
561,561,561,2190,7235.4,59.0,561,561,561,2023-01-23,1,605.63
562,562,562,9627,5287.27,90.1,562,562,562,2023-10-30,3,4465.94
563,563,563,2013,7448.87,39.3,563,563,563,2024-03-20,2,9877.04
564,564,564,3565,9492.67,81.8,564,564,564,2022-12-04,1,6437.93
565,565,565,6196,8949.61,52.2,565,565,565,2024-08-12,1,7151.97
566,566,566,2807,4385.23,76.5,566,566,566,2023-10-22,2,3954.75
567,567,567,2560,7164.24,3.7,567,567,567,2023-02-01,2,2329.18
568,568,568,7603,9390.87,79.3,568,568,568,2023-10-18,2,3850.92
569,569,569,9711,8133.43,43.5,569,569,569,2023-11-15,3,6032.78
570,570,570,9553,389.48,81.3,570,570,570,2024-05-04,2,2784.02
571,571,571,6868,7672.14,43.5,571,571,571,2023-03-18,3,9317.67
572,572,572,7409,3976.39,83.7,572,572,572,2022-10-26,2,80.61
573,573,573,5964,5231.45,28.0,573,573,573,2024-01-26,2,2545.2
574,574,574,5879,4113.15,58.9,574,574,574,2024-06-27,1,3456.7
575,575,575,2472,68.69,77.7,575,575,575,2023-12-19,1,3926.65
576,576,576,5883,6216.53,27.7,576,576,576,2024-06-18,3,5520.46
577,577,577,416,3318.85,95.4,577,577,577,2024-05-15,3,5844.8
578,578,578,9930,5021.19,70.2,578,578,578,2024-02-04,1,5562.28
579,579,579,7481,7967.53,34.1,579,579,579,2023-05-20,3,9441.65
580,580,580,9075,8125.99,12.7,580,580,580,2024-08-22,1,4606.65
581,581,581,7422,5806.7,87.5,581,581,581,2024-01-01,2,4211.85
582,582,582,5692,301.42,23.1,582,582,582,2023-06-05,1,4694.09
583,583,583,651,9386.87,62.7,583,583,583,2022-12-10,1,929.75
584,584,584,5182,8662.13,42.0,584,584,584,2024-05-05,2,8693.24
585,585,585,8320,3492.09,23.9,585,585,585,2024-08-17,1,1945.64
586,586,586,2684,8280.12,60.1,586,586,586,2023-09-10,1,7642.43
587,587,587,8140,9498.05,68.6,587,587,587,2023-06-21,1,9942.13
588,588,588,4720,4006.05,10.1,588,588,588,2024-09-03,2,7525.37
589,589,589,2225,5261.55,26.1,589,589,589,2023-05-09,1,1383.22
590,590,590,3420,6212.92,30.9,590,590,590,2023-06-10,2,7615.05
591,591,591,2724,2541.18,60.7,591,591,591,2024-09-09,1,6494.4
592,592,592,3253,6424.78,16.7,592,592,592,2024-01-14,2,6187.44
593,593,593,7617,8005.81,35.5,593,593,593,2022-10-31,2,2687.08
594,594,594,3549,9480.14,23.8,594,594,594,2024-06-25,1,9560.57
595,595,595,9946,7350.08,55.4,595,595,595,2023-09-04,2,2657.22
596,596,596,1111,7867.27,18.6,596,596,596,2024-05-03,3,2995.36
597,597,597,9917,8711.87,42.6,597,597,597,2023-12-11,1,7002.22
598,598,598,1513,8423.34,20.8,598,598,598,2023-11-08,2,5213.72
599,599,599,5131,1252.64,54.3,599,599,599,2023-04-09,1,9020.15
600,600,600,8626,9157.72,25.3,600,600,600,2024-10-17,1,7827.35
601,601,601,5560,8733.0,87.7,601,601,601,2023-12-19,2,1269.2
602,602,602,3729,2931.82,86.9,602,602,602,2023-12-04,1,2620.12
603,603,603,8967,4708.26,69.6,603,603,603,2024-03-21,1,4553.18
604,604,604,6167,962.61,97.1,604,604,604,2023-10-03,3,8809.35
605,605,605,2229,6964.56,64.2,605,605,605,2024-08-01,3,8698.64
606,606,606,47,8713.52,13.6,606,606,606,2023-11-18,1,1584.96
607,607,607,5914,2592.97,88.0,607,607,607,2023-08-04,3,6140.61
608,608,608,2320,3620.06,7.9,608,608,608,2024-05-09,1,8072.02
609,609,609,6659,2114.59,4.9,609,609,609,2023-07-20,2,4800.65
610,610,610,1247,2986.2,65.5,610,610,610,2024-07-31,1,5397.25
611,611,611,7145,2277.77,38.9,611,611,611,2024-01-25,2,2208.66
612,612,612,1402,5838.04,11.5,612,612,612,2024-08-27,3,6733.35
613,613,613,4097,3977.3,97.4,613,613,613,2024-02-11,1,5795.0
614,614,614,4176,9409.43,90.9,614,614,614,2023-07-25,2,2848.13
615,615,615,9990,4060.09,5.2,615,615,615,2023-09-01,3,5226.34
616,616,616,1856,7647.04,73.8,616,616,616,2024-02-09,3,7146.47
617,617,617,6687,740.06,45.8,617,617,617,2023-12-21,2,5991.95
618,618,618,1880,2226.83,68.8,618,618,618,2024-05-26,2,2528.76
619,619,619,2728,7377.6,70.7,619,619,619,2023-09-08,1,2567.13
620,620,620,9871,3228.36,19.9,620,620,620,2024-04-03,1,655.05
621,621,621,6729,4311.2,47.5,621,621,621,2024-01-04,2,8504.67
622,622,622,7363,1347.37,23.6,622,622,622,2023-06-07,1,3966.24
623,623,623,9388,7262.93,94.6,623,623,623,2023-06-09,2,6517.54
624,624,624,8825,8518.57,14.3,624,624,624,2023-02-05,3,8734.42
625,625,625,2013,1002.1,34.8,625,625,625,2022-12-09,2,7663.13
626,626,626,7925,2849.6,53.3,626,626,626,2023-03-31,1,205.73
627,627,627,8906,2311.35,64.9,627,627,627,2023-03-17,3,8519.93
628,628,628,1132,7114.29,13.9,628,628,628,2023-05-03,2,83.38
629,629,629,7977,5545.4,22.2,629,629,629,2023-05-10,3,5504.54
630,630,630,4931,7980.62,25.6,630,630,630,2023-03-21,3,993.56
631,631,631,5831,6183.37,55.7,631,631,631,2024-07-18,3,6382.0
632,632,632,6600,2334.0,12.3,632,632,632,2023-10-14,2,1245.11
633,633,633,7151,1130.58,63.5,633,633,633,2023-04-18,2,7650.1
634,634,634,7725,3356.35,22.9,634,634,634,2023-01-08,3,1931.63
635,635,635,890,5216.81,9.5,635,635,635,2022-12-13,1,3750.62
636,636,636,8331,6408.57,92.5,636,636,636,2022-12-26,3,3755.02
637,637,637,485,7641.93,48.8,637,637,637,2024-09-17,3,3545.69
638,638,638,4298,9339.92,69.8,638,638,638,2024-05-24,1,2171.58
639,639,639,6941,7462.79,36.0,639,639,639,2022-10-28,1,6826.99
640,640,640,9096,9765.11,93.6,640,640,640,2024-04-18,2,5084.42
641,641,641,1946,7407.49,75.0,641,641,641,2023-06-19,2,7277.52
642,642,642,3279,206.04,27.7,642,642,642,2024-07-21,2,7531.95
643,643,643,4149,9840.76,45.1,643,643,643,2024-01-31,1,2226.08
644,644,644,905,3392.66,39.3,644,644,644,2024-08-06,1,3466.17
645,645,645,4339,5383.38,77.4,645,645,645,2024-08-31,2,3272.37
646,646,646,2533,6386.5,36.5,646,646,646,2023-08-14,2,9956.07
647,647,647,8264,6403.22,73.9,647,647,647,2022-12-26,2,2606.08
648,648,648,4829,8875.41,41.4,648,648,648,2023-06-26,3,2792.52
649,649,649,4984,8799.78,33.1,649,649,649,2022-11-23,2,851.61
650,650,650,4385,5805.43,38.1,650,650,650,2023-03-03,3,9322.32
651,651,651,286,3215.32,77.9,651,651,651,2024-06-08,3,699.07
652,652,652,3217,8672.44,95.8,652,652,652,2023-02-23,2,8112.01
653,653,653,5819,3369.8,34.5,653,653,653,2023-07-23,1,4848.41
654,654,654,8513,3812.12,77.7,654,654,654,2024-04-17,1,1035.18
655,655,655,6296,7398.35,45.5,655,655,655,2023-10-04,3,9235.44
656,656,656,500,6351.89,6.5,656,656,656,2023-02-13,2,4234.91
657,657,657,4611,6151.78,86.7,657,657,657,2023-07-11,3,6290.32
658,658,658,9497,8604.6,9.8,658,658,658,2022-11-28,2,2957.72
659,659,659,7432,5750.94,9.6,659,659,659,2023-06-25,3,2918.8
660,660,660,1220,1628.23,3.0,660,660,660,2024-03-15,2,188.0
661,661,661,1413,8574.37,3.3,661,661,661,2024-08-24,2,6154.29
662,662,662,601,7162.89,60.8,662,662,662,2024-08-08,3,2145.12
663,663,663,4985,1634.0,82.3,663,663,663,2023-07-28,1,1346.16
664,664,664,8388,8032.76,30.2,664,664,664,2022-11-10,3,4807.63
665,665,665,5290,4992.27,27.2,665,665,665,2023-06-21,3,5414.38
666,666,666,5838,7504.0,68.7,666,666,666,2024-06-09,1,8295.54
667,667,667,8225,6888.54,89.3,667,667,667,2023-07-26,1,4233.68
668,668,668,6298,3171.99,31.6,668,668,668,2022-11-08,1,1969.36
669,669,669,3946,3570.43,46.4,669,669,669,2024-03-21,1,9639.08
670,670,670,5665,2633.72,24.0,670,670,670,2023-10-05,1,3522.14
671,671,671,2913,6088.99,88.9,671,671,671,2023-05-20,1,2500.05
672,672,672,913,618.97,24.5,672,672,672,2023-02-07,2,434.06
673,673,673,8930,1046.19,18.2,673,673,673,2024-05-08,3,2158.22
674,674,674,678,2398.2,15.0,674,674,674,2024-09-07,2,4168.94
675,675,675,8766,6115.35,75.7,675,675,675,2024-06-12,3,6046.66
676,676,676,4150,3048.18,9.5,676,676,676,2023-05-31,1,5108.11
677,677,677,9731,3057.42,62.5,677,677,677,2024-03-27,2,5749.29
678,678,678,8013,3486.43,5.0,678,678,678,2022-12-27,1,5056.02
679,679,679,8247,6724.6,1.1,679,679,679,2022-10-26,2,3553.43
680,680,680,1721,8681.92,79.8,680,680,680,2023-06-13,3,1870.92
681,681,681,4569,5197.2,84.2,681,681,681,2023-01-05,1,7843.76
682,682,682,8918,4079.02,16.6,682,682,682,2023-02-11,3,6723.91
683,683,683,5835,6423.17,97.2,683,683,683,2024-04-28,2,9695.44
684,684,684,4659,73.26,24.8,684,684,684,2023-04-25,3,841.67
685,685,685,1837,1762.28,9.9,685,685,685,2023-10-16,3,3853.7
686,686,686,915,1685.1,7.0,686,686,686,2024-07-07,1,8193.6
687,687,687,5783,5452.2,24.3,687,687,687,2023-09-29,2,8380.46
688,688,688,7943,814.85,2.0,688,688,688,2023-07-22,3,6320.51
689,689,689,3182,6485.38,63.6,689,689,689,2023-09-02,1,6887.37
690,690,690,914,3209.33,20.5,690,690,690,2023-06-12,3,9784.13
691,691,691,2213,5320.32,23.1,691,691,691,2024-09-20,1,3573.07
692,692,692,8291,8579.39,54.0,692,692,692,2024-07-26,2,5981.75
693,693,693,7304,2090.82,9.4,693,693,693,2024-02-28,3,5476.4
694,694,694,4415,1428.66,37.7,694,694,694,2024-05-15,2,8711.05
695,695,695,6389,1170.29,20.4,695,695,695,2022-12-29,3,7539.54
696,696,696,115,1777.47,27.1,696,696,696,2024-03-30,2,758.72
697,697,697,9244,280.36,86.0,697,697,697,2024-06-24,1,3027.9
698,698,698,4364,3625.42,18.3,698,698,698,2024-01-20,1,1486.04
699,699,699,3408,4118.25,31.5,699,699,699,2024-06-04,2,8404.55
700,700,700,1637,1360.33,41.0,700,700,700,2023-12-31,1,3645.57
701,701,701,6736,1560.68,44.5,701,701,701,2023-10-06,3,1850.31
702,702,702,2775,5787.27,85.6,702,702,702,2024-06-14,1,5930.83
703,703,703,5059,6689.96,54.8,703,703,703,2022-11-20,3,6453.83
704,704,704,3376,8562.74,1.3,704,704,704,2024-01-16,3,9936.83
705,705,705,4142,4152.49,43.0,705,705,705,2023-12-07,1,9788.67
706,706,706,2928,6630.48,26.8,706,706,706,2022-10-22,1,2150.07
707,707,707,9180,7213.14,64.4,707,707,707,2023-07-08,3,1095.48
708,708,708,6004,8436.49,1.1,708,708,708,2024-08-31,3,740.75
709,709,709,9333,933.24,41.8,709,709,709,2024-09-24,3,3842.79
710,710,710,9996,1535.56,86.8,710,710,710,2024-01-07,3,6850.12
711,711,711,137,1881.5,21.5,711,711,711,2023-03-13,1,546.43
712,712,712,2204,9665.43,81.9,712,712,712,2024-07-14,1,4672.47
713,713,713,7711,3035.32,74.8,713,713,713,2024-06-06,2,7144.14
714,714,714,7864,681.24,69.1,714,714,714,2024-07-02,2,5027.25
715,715,715,2173,2872.14,47.6,715,715,715,2023-04-28,1,3484.04
716,716,716,5007,6365.16,24.1,716,716,716,2023-05-27,3,125.66
717,717,717,6623,1713.3,63.6,717,717,717,2023-07-18,3,7610.48
718,718,718,4364,3572.42,78.5,718,718,718,2023-11-15,3,2454.4
719,719,719,3219,7048.37,63.0,719,719,719,2024-03-28,3,9505.92
720,720,720,1808,398.12,49.4,720,720,720,2024-09-26,2,141.16
721,721,721,5545,9351.35,71.8,721,721,721,2023-12-05,3,9961.46
722,722,722,1324,6038.81,86.5,722,722,722,2023-02-14,1,7347.86
723,723,723,6397,3621.34,69.0,723,723,723,2024-05-07,1,6530.0
724,724,724,7952,2081.17,73.9,724,724,724,2023-01-20,3,7162.99
725,725,725,5651,3986.97,41.1,725,725,725,2023-04-26,1,7240.38
726,726,726,57,1789.02,96.6,726,726,726,2023-12-20,1,1120.36
727,727,727,4032,293.4,9.6,727,727,727,2024-03-03,3,8895.03
728,728,728,2708,365.18,85.9,728,728,728,2023-12-29,3,7603.51
729,729,729,8439,3712.1,55.3,729,729,729,2023-04-05,1,6112.45
730,730,730,7622,8485.84,71.9,730,730,730,2023-12-03,2,2619.32
731,731,731,263,5689.75,83.3,731,731,731,2024-05-13,1,1483.91
732,732,732,906,1235.6,77.7,732,732,732,2023-06-16,3,7022.21
733,733,733,3914,2036.05,74.7,733,733,733,2023-06-19,2,940.79
734,734,734,9867,5597.58,11.1,734,734,734,2024-06-27,3,2802.11
735,735,735,1015,6645.41,98.3,735,735,735,2023-08-25,1,3056.61
736,736,736,5392,8703.04,94.9,736,736,736,2022-10-23,2,4932.34
737,737,737,2218,5642.82,81.0,737,737,737,2024-08-17,1,3576.43
738,738,738,5286,83.62,62.9,738,738,738,2024-05-27,1,2525.13
739,739,739,502,2386.73,69.4,739,739,739,2022-11-04,1,2291.36
740,740,740,1185,6879.59,8.6,740,740,740,2023-12-03,3,9734.37
741,741,741,2346,4439.65,87.6,741,741,741,2022-10-27,2,3843.86
742,742,742,1473,8879.46,10.6,742,742,742,2023-04-10,1,3189.36
743,743,743,8755,2892.95,21.1,743,743,743,2023-08-31,3,1576.31
744,744,744,1207,83.36,94.8,744,744,744,2023-11-17,3,8075.01
745,745,745,1078,8239.9,46.0,745,745,745,2024-05-18,2,8046.3
746,746,746,5578,8314.81,18.4,746,746,746,2024-07-02,3,6671.55
747,747,747,641,7103.2,44.0,747,747,747,2024-06-04,1,7847.53
748,748,748,5950,3864.32,52.7,748,748,748,2024-08-02,2,1580.71
749,749,749,8682,6814.02,29.6,749,749,749,2024-02-18,3,4768.22
750,750,750,2173,5697.05,16.1,750,750,750,2024-02-13,3,2171.15
751,751,751,8985,9705.79,10.4,751,751,751,2024-05-18,1,2896.5
752,752,752,3607,4480.65,85.2,752,752,752,2022-11-10,1,1550.45
753,753,753,4327,4876.01,23.4,753,753,753,2023-12-05,2,4790.43
754,754,754,9587,9750.63,52.9,754,754,754,2022-10-24,2,2765.25
755,755,755,8508,9658.77,81.5,755,755,755,2023-06-25,1,2472.33
756,756,756,4734,4839.57,58.9,756,756,756,2023-01-17,1,7099.76
757,757,757,3597,2093.35,44.7,757,757,757,2023-01-23,2,882.84
758,758,758,637,9488.15,70.6,758,758,758,2023-04-13,3,8205.39
759,759,759,8991,7364.16,56.5,759,759,759,2023-09-29,3,7421.18
760,760,760,3019,5121.69,30.1,760,760,760,2024-07-30,2,5601.36
761,761,761,2247,4560.82,51.0,761,761,761,2024-05-01,1,469.41
762,762,762,5883,1976.65,37.7,762,762,762,2023-02-12,1,3381.33
763,763,763,2954,2128.81,43.4,763,763,763,2024-06-10,3,6829.26
764,764,764,4693,7730.07,98.7,764,764,764,2024-05-15,2,9855.04
765,765,765,2652,2836.87,8.1,765,765,765,2023-08-08,1,6846.82
766,766,766,5556,1495.9,28.4,766,766,766,2022-12-04,2,1287.97
767,767,767,3707,9857.24,29.9,767,767,767,2024-02-04,1,9719.55
768,768,768,8335,1444.45,57.1,768,768,768,2023-05-07,1,1199.01
769,769,769,6480,1151.76,69.7,769,769,769,2024-09-13,2,902.72
770,770,770,5765,7053.86,81.6,770,770,770,2024-08-11,2,256.53
771,771,771,2823,2706.75,21.1,771,771,771,2024-03-22,3,5300.9
772,772,772,880,162.46,65.0,772,772,772,2023-03-10,3,3449.96
773,773,773,9048,8875.22,12.8,773,773,773,2024-04-04,3,2580.16
774,774,774,4628,7489.71,39.2,774,774,774,2024-08-09,1,2090.42
775,775,775,1096,7395.11,4.1,775,775,775,2024-03-01,3,5369.79
776,776,776,8770,1223.0,44.1,776,776,776,2022-10-29,3,2500.37
777,777,777,431,2902.91,34.1,777,777,777,2024-08-20,2,3803.39
778,778,778,600,8563.06,22.4,778,778,778,2023-06-24,3,9480.44
779,779,779,9004,3631.85,47.0,779,779,779,2023-09-02,1,8435.41
780,780,780,1715,3437.39,16.1,780,780,780,2024-09-03,3,5264.21
781,781,781,3461,6306.73,37.6,781,781,781,2024-06-29,2,4958.45
782,782,782,1695,5294.11,65.1,782,782,782,2023-07-01,2,8682.32
783,783,783,6128,8527.48,44.0,783,783,783,2023-02-28,3,3274.08
784,784,784,5661,1117.67,78.5,784,784,784,2022-12-04,1,8711.61
785,785,785,3573,2797.04,84.9,785,785,785,2023-11-14,1,8290.85
786,786,786,7378,8639.26,18.5,786,786,786,2024-06-17,3,5565.8
787,787,787,4588,3971.71,25.4,787,787,787,2024-06-21,3,1621.13
788,788,788,335,233.48,58.7,788,788,788,2024-03-07,1,133.49
789,789,789,9245,3940.12,1.0,789,789,789,2023-06-15,1,6885.88
790,790,790,5888,4283.6,48.5,790,790,790,2024-02-27,3,8991.47
791,791,791,1834,3184.95,96.3,791,791,791,2023-07-13,1,2048.78
792,792,792,3498,2293.57,67.7,792,792,792,2022-11-03,1,2609.64
793,793,793,432,9579.53,28.8,793,793,793,2023-03-15,3,910.1
794,794,794,255,1040.26,2.3,794,794,794,2023-07-23,2,82.92
795,795,795,4546,1707.31,2.2,795,795,795,2024-10-17,2,1635.04
796,796,796,1703,4741.18,57.3,796,796,796,2023-11-08,3,901.59
797,797,797,3376,5049.21,76.8,797,797,797,2023-11-01,1,2002.62
798,798,798,8098,5876.41,82.8,798,798,798,2023-12-02,2,2022.03
799,799,799,7207,5439.14,21.2,799,799,799,2023-10-18,3,3514.63
800,800,800,2295,3849.92,29.8,800,800,800,2024-09-04,2,9771.79
801,801,801,6391,1802.38,58.6,801,801,801,2024-05-24,1,9123.36
802,802,802,5093,1696.32,50.8,802,802,802,2024-10-10,1,6034.25
803,803,803,9112,2590.19,33.7,803,803,803,2023-09-10,3,3661.14
804,804,804,7759,6553.5,77.0,804,804,804,2023-05-12,3,3757.89
805,805,805,6269,5936.07,43.8,805,805,805,2024-06-03,3,4223.82
806,806,806,8871,5087.44,78.3,806,806,806,2024-03-11,2,4594.91
807,807,807,2870,5909.97,13.9,807,807,807,2023-03-18,3,8275.97
808,808,808,7480,9161.18,37.1,808,808,808,2023-10-26,3,4566.33
809,809,809,4172,580.14,52.3,809,809,809,2023-10-03,1,8068.13
810,810,810,7268,5111.03,46.0,810,810,810,2023-07-20,3,4120.02
811,811,811,1603,1780.81,16.8,811,811,811,2024-08-11,1,6918.57
812,812,812,1636,3580.47,10.6,812,812,812,2023-03-14,2,8707.57
813,813,813,7229,9413.65,98.5,813,813,813,2024-06-03,1,6948.82
814,814,814,3845,56.14,77.6,814,814,814,2023-05-24,2,6820.55
815,815,815,1305,2252.26,28.8,815,815,815,2023-12-06,1,4780.44
816,816,816,5566,1398.32,3.4,816,816,816,2024-02-28,1,5899.19
817,817,817,3652,8422.1,68.7,817,817,817,2022-11-14,3,1577.87
818,818,818,625,7164.44,71.7,818,818,818,2024-02-08,3,9495.8
819,819,819,8071,6467.84,26.3,819,819,819,2024-05-30,3,5429.69
820,820,820,1677,7876.94,16.6,820,820,820,2023-10-09,2,4319.56
821,821,821,5997,1734.83,3.2,821,821,821,2024-06-13,3,9629.26
822,822,822,7016,2432.52,14.3,822,822,822,2023-03-17,1,8222.78
823,823,823,6853,342.41,72.6,823,823,823,2023-09-07,3,525.3
824,824,824,6106,1337.4,78.6,824,824,824,2023-12-11,3,1536.1
825,825,825,2806,3267.24,32.7,825,825,825,2023-12-26,2,1824.02
826,826,826,3785,6500.04,79.9,826,826,826,2024-01-04,1,5941.12
827,827,827,8620,6465.86,91.4,827,827,827,2023-12-06,1,3639.39
828,828,828,9134,907.94,88.3,828,828,828,2024-09-21,1,3885.02
829,829,829,7524,9624.01,58.9,829,829,829,2023-11-27,3,808.73
830,830,830,7378,2715.22,33.1,830,830,830,2023-07-24,1,2516.32
831,831,831,1181,506.46,49.8,831,831,831,2024-06-10,3,4352.95
832,832,832,7947,3202.5,6.1,832,832,832,2023-08-08,1,3481.23
833,833,833,4914,4260.0,76.2,833,833,833,2024-08-07,3,5476.47
834,834,834,1749,7234.5,94.5,834,834,834,2023-04-08,1,3354.13
835,835,835,191,7700.32,87.8,835,835,835,2024-07-28,3,3909.61
836,836,836,1343,7507.94,27.4,836,836,836,2023-04-05,3,7103.81
837,837,837,7401,7708.77,64.7,837,837,837,2023-04-15,1,9068.14
838,838,838,741,7170.2,99.0,838,838,838,2024-07-18,3,174.16
839,839,839,1672,4001.27,23.4,839,839,839,2023-11-04,1,1033.31
840,840,840,2653,9947.02,90.4,840,840,840,2023-08-15,3,9885.52
841,841,841,2006,7277.34,35.9,841,841,841,2023-07-07,1,3230.04
842,842,842,4281,4025.98,71.3,842,842,842,2024-04-28,3,9762.73
843,843,843,3871,3999.54,48.9,843,843,843,2024-04-13,1,8643.31
844,844,844,7168,7385.04,14.6,844,844,844,2023-06-29,2,871.03
845,845,845,9358,9328.26,38.1,845,845,845,2023-03-01,2,6405.95
846,846,846,865,6103.52,58.2,846,846,846,2023-12-24,1,6121.63
847,847,847,1514,8636.78,3.0,847,847,847,2024-04-21,1,5814.11
848,848,848,7940,9254.72,65.6,848,848,848,2024-02-07,2,2199.78
849,849,849,1134,4977.99,8.5,849,849,849,2023-02-03,1,238.47
850,850,850,9408,5652.76,57.6,850,850,850,2024-06-11,1,2582.03
851,851,851,3421,1807.92,31.2,851,851,851,2022-12-30,2,1993.24
852,852,852,887,8655.06,15.6,852,852,852,2023-01-31,1,4876.53
853,853,853,5639,4274.09,5.0,853,853,853,2024-07-07,3,1284.18
854,854,854,4930,4770.94,30.8,854,854,854,2024-08-26,1,3419.27
855,855,855,2193,7193.83,52.4,855,855,855,2024-08-31,1,7960.0
856,856,856,1478,9647.15,75.1,856,856,856,2024-07-01,2,6590.01
857,857,857,2623,2295.23,19.7,857,857,857,2022-10-25,1,8429.41
858,858,858,784,1656.05,82.4,858,858,858,2024-07-05,1,9418.75
859,859,859,8398,1834.31,32.8,859,859,859,2023-12-29,1,8087.95
860,860,860,3808,5398.92,65.9,860,860,860,2022-10-22,2,1031.48
861,861,861,560,8284.09,35.2,861,861,861,2023-05-04,2,1938.64
862,862,862,6154,8540.64,95.1,862,862,862,2023-03-28,1,2447.23
863,863,863,6065,5822.48,70.3,863,863,863,2023-06-07,3,9235.7
864,864,864,4232,4618.42,30.6,864,864,864,2024-08-15,2,9268.03
865,865,865,778,9318.22,5.0,865,865,865,2023-08-26,2,6190.93
866,866,866,1330,7815.96,68.9,866,866,866,2023-02-12,1,9902.69
867,867,867,5752,6474.83,19.6,867,867,867,2023-07-07,1,5904.23
868,868,868,3388,8318.43,28.5,868,868,868,2024-09-04,1,202.19
869,869,869,2802,9803.06,19.0,869,869,869,2023-09-11,2,5500.8
870,870,870,3877,7009.56,9.6,870,870,870,2024-09-14,2,210.18
871,871,871,9786,850.08,39.4,871,871,871,2023-11-22,1,1542.39
872,872,872,8139,5221.6,1.0,872,872,872,2022-11-06,1,1575.22
873,873,873,3659,5744.58,34.7,873,873,873,2024-07-11,1,8214.88
874,874,874,3211,1600.78,79.8,874,874,874,2023-12-06,1,3868.15
875,875,875,4584,5980.1,77.6,875,875,875,2023-12-27,2,2126.62
876,876,876,9380,9793.02,97.8,876,876,876,2023-03-29,2,3673.68
877,877,877,7683,5016.52,55.2,877,877,877,2023-09-03,2,1575.54
878,878,878,8908,7691.34,44.8,878,878,878,2024-05-27,1,497.58
879,879,879,8372,9592.59,41.7,879,879,879,2024-03-06,2,2692.97
880,880,880,3229,310.76,35.7,880,880,880,2023-04-01,3,8476.68
881,881,881,3961,4503.1,35.9,881,881,881,2023-04-03,1,6022.49
882,882,882,9048,1591.72,29.8,882,882,882,2023-08-25,2,7474.84
883,883,883,8854,8872.29,15.2,883,883,883,2023-06-25,2,5638.35
884,884,884,4450,1112.49,45.0,884,884,884,2023-04-06,3,7291.9
885,885,885,3274,2938.77,98.9,885,885,885,2023-03-06,2,9693.69
886,886,886,7195,7124.75,72.0,886,886,886,2024-06-16,1,991.05
887,887,887,3142,6341.82,24.5,887,887,887,2023-02-02,1,8443.51
888,888,888,8246,9496.43,40.5,888,888,888,2023-10-21,2,9372.9
889,889,889,3913,1501.45,51.8,889,889,889,2024-08-18,1,3123.27
890,890,890,8171,1574.97,86.9,890,890,890,2024-02-22,3,8823.43
891,891,891,8371,3001.29,60.2,891,891,891,2024-06-27,2,8851.57
892,892,892,645,8198.03,62.5,892,892,892,2023-08-14,3,3288.86
893,893,893,2108,3771.71,77.2,893,893,893,2023-07-31,1,7529.19
894,894,894,9980,5584.45,97.3,894,894,894,2024-06-28,1,7105.56
895,895,895,6479,1531.89,66.5,895,895,895,2024-08-14,2,6263.52
896,896,896,2755,2721.39,77.8,896,896,896,2024-06-29,2,5423.86
897,897,897,2695,6450.46,82.2,897,897,897,2023-06-25,1,5406.22
898,898,898,3033,591.53,5.3,898,898,898,2024-08-26,3,2197.61
899,899,899,7554,6251.98,54.3,899,899,899,2024-01-01,2,9913.66
900,900,900,1021,2958.86,6.1,900,900,900,2023-03-08,2,9920.68
901,901,901,7435,8501.12,2.5,901,901,901,2024-03-14,3,9333.24
902,902,902,6629,167.21,7.8,902,902,902,2023-01-01,2,4194.12
903,903,903,6502,9521.77,47.9,903,903,903,2023-09-12,2,7940.14
904,904,904,2647,684.51,36.7,904,904,904,2024-05-16,1,1927.32
905,905,905,208,1453.73,17.5,905,905,905,2023-04-01,2,1490.09
906,906,906,8738,6562.36,7.7,906,906,906,2023-06-08,2,7350.85
907,907,907,7781,4217.82,45.0,907,907,907,2023-12-03,1,5921.2
908,908,908,3936,4324.51,73.7,908,908,908,2023-07-25,3,6267.83
909,909,909,1052,3712.36,97.6,909,909,909,2022-12-17,2,7065.46
910,910,910,4471,684.91,9.6,910,910,910,2023-12-18,3,541.66
911,911,911,5732,2535.34,95.1,911,911,911,2024-06-10,3,5936.53
912,912,912,7579,9105.12,8.2,912,912,912,2023-03-21,2,8666.98
913,913,913,6165,4789.26,80.5,913,913,913,2023-10-15,3,9729.54
914,914,914,8691,4909.53,52.5,914,914,914,2024-05-30,2,6813.96
915,915,915,5792,4141.82,19.5,915,915,915,2023-04-06,3,2022.3
916,916,916,1785,2361.25,62.0,916,916,916,2024-06-13,3,9383.39
917,917,917,5825,7671.2,60.8,917,917,917,2024-01-02,3,9590.09
918,918,918,109,1335.42,88.0,918,918,918,2023-11-10,2,2492.46
919,919,919,3794,6250.67,71.7,919,919,919,2024-09-12,1,4714.75
920,920,920,176,463.53,56.6,920,920,920,2023-10-08,3,8683.9
921,921,921,4456,8474.32,55.0,921,921,921,2023-10-01,1,3453.32
922,922,922,8091,5986.5,9.6,922,922,922,2022-10-25,1,415.04
923,923,923,1134,5725.59,39.0,923,923,923,2024-04-10,2,2097.01
924,924,924,1104,4425.33,58.1,924,924,924,2024-09-14,1,5584.1
925,925,925,6689,7872.77,75.7,925,925,925,2023-11-10,3,6927.49
926,926,926,7556,8292.29,67.6,926,926,926,2024-01-14,2,242.08
927,927,927,2328,8039.62,67.0,927,927,927,2023-04-30,3,1628.2
928,928,928,638,3158.8,2.4,928,928,928,2024-04-09,3,2711.4
929,929,929,2723,6174.84,7.0,929,929,929,2023-02-12,1,4984.17
930,930,930,5691,5948.58,51.2,930,930,930,2023-11-17,1,3447.13
931,931,931,7122,592.02,77.9,931,931,931,2024-05-16,2,9903.46
932,932,932,8573,6060.71,64.0,932,932,932,2024-07-03,2,8250.67
933,933,933,3199,4585.26,16.6,933,933,933,2023-05-18,1,2112.51
934,934,934,8789,6197.26,34.6,934,934,934,2023-03-13,2,2050.25
935,935,935,9293,1609.94,93.9,935,935,935,2024-03-11,2,4769.61
936,936,936,3103,2448.29,40.9,936,936,936,2023-04-03,1,9288.93
937,937,937,9058,1694.85,43.3,937,937,937,2023-11-15,2,8252.93
938,938,938,8136,1771.62,57.4,938,938,938,2023-09-18,2,6727.92
939,939,939,8229,1190.72,79.7,939,939,939,2024-08-18,2,5128.38
940,940,940,3891,8604.07,56.4,940,940,940,2023-06-07,1,9095.37
941,941,941,1742,4912.82,87.5,941,941,941,2023-05-22,2,8068.95
942,942,942,6845,1501.93,84.3,942,942,942,2023-12-12,2,982.41
943,943,943,4984,7045.54,65.0,943,943,943,2022-11-14,2,476.18
944,944,944,9221,1162.78,29.5,944,944,944,2024-10-06,2,1252.33
945,945,945,4597,1058.93,36.0,945,945,945,2024-07-17,2,1468.01
946,946,946,7366,6414.7,74.5,946,946,946,2023-05-26,1,1611.87
947,947,947,8481,1587.74,96.7,947,947,947,2024-04-06,1,689.88
948,948,948,6411,7666.99,33.1,948,948,948,2023-05-11,2,1893.05
949,949,949,1362,3051.04,67.0,949,949,949,2024-08-17,2,860.6
950,950,950,11,311.65,85.9,950,950,950,2023-04-28,2,2561.55
951,951,951,8383,5572.36,90.6,951,951,951,2024-09-23,1,5458.26
952,952,952,4138,4060.25,34.8,952,952,952,2022-11-26,1,190.62
953,953,953,5059,6877.87,36.1,953,953,953,2023-03-22,3,3402.28
954,954,954,3634,4309.97,18.0,954,954,954,2024-07-29,3,6578.21
955,955,955,7111,1973.84,11.6,955,955,955,2023-09-02,1,9481.97
956,956,956,5026,4631.97,15.4,956,956,956,2024-09-26,1,3883.35
957,957,957,1176,6768.82,60.1,957,957,957,2023-01-14,2,5899.45
958,958,958,6116,2466.02,4.8,958,958,958,2023-08-05,3,8346.48
959,959,959,2375,6890.67,29.3,959,959,959,2023-12-02,2,1942.01
960,960,960,7231,9124.07,87.9,960,960,960,2022-11-11,3,6852.99
961,961,961,3853,647.24,91.2,961,961,961,2023-08-13,2,4569.58
962,962,962,7063,206.34,73.6,962,962,962,2023-12-01,2,3427.39
963,963,963,8598,5154.83,14.1,963,963,963,2022-11-06,1,551.63
964,964,964,1188,9179.58,7.7,964,964,964,2024-01-20,3,3621.3
965,965,965,2813,7795.01,70.6,965,965,965,2023-09-25,1,9915.31
966,966,966,4415,1803.81,45.3,966,966,966,2023-07-25,3,1397.38
967,967,967,9462,2980.92,88.5,967,967,967,2023-07-27,1,6148.57
968,968,968,4529,1674.03,27.3,968,968,968,2023-12-11,3,8070.15
969,969,969,2123,4743.12,91.5,969,969,969,2024-08-16,1,3933.25
970,970,970,278,8697.99,70.5,970,970,970,2023-11-09,1,4682.78
971,971,971,7975,3699.22,46.5,971,971,971,2024-01-26,1,6014.18
972,972,972,8720,4750.99,89.9,972,972,972,2023-09-09,1,4262.65
973,973,973,6721,1271.09,51.7,973,973,973,2023-07-28,2,3555.02
974,974,974,1295,8327.28,69.8,974,974,974,2024-09-26,1,2277.72
975,975,975,4463,3289.87,88.6,975,975,975,2024-05-01,3,3933.62
976,976,976,7333,7619.37,44.4,976,976,976,2024-07-14,3,7979.18
977,977,977,6936,3617.26,86.8,977,977,977,2024-01-02,2,1867.72
978,978,978,8706,3116.94,81.2,978,978,978,2023-02-14,3,8808.36
979,979,979,5654,9354.44,17.8,979,979,979,2024-03-12,1,7152.51
980,980,980,7705,8966.22,91.8,980,980,980,2022-10-21,1,8915.56
981,981,981,5439,8480.51,56.8,981,981,981,2023-01-20,1,6350.05
982,982,982,4599,3764.85,58.5,982,982,982,2023-07-08,3,3356.88
983,983,983,2669,951.28,16.0,983,983,983,2024-08-20,3,5778.3
984,984,984,5735,3966.98,2.8,984,984,984,2023-01-16,3,53.9
985,985,985,1541,6560.1,37.9,985,985,985,2024-01-09,1,7513.21
986,986,986,9493,2643.1,44.3,986,986,986,2023-08-13,1,1669.14
987,987,987,6091,2782.3,14.9,987,987,987,2024-06-26,3,6747.51
988,988,988,2407,5143.02,24.6,988,988,988,2023-07-28,1,4267.78
989,989,989,9980,7510.53,93.4,989,989,989,2024-09-19,1,9931.87
990,990,990,9462,5889.61,38.5,990,990,990,2024-02-02,2,6327.54
991,991,991,8919,9719.14,10.7,991,991,991,2022-12-21,1,5261.55
992,992,992,5530,3014.18,91.7,992,992,992,2023-10-14,1,6946.85
993,993,993,2577,9125.85,27.2,993,993,993,2023-05-06,2,7847.46
994,994,994,1425,3418.68,38.4,994,994,994,2024-08-13,2,2599.77
995,995,995,9204,1392.65,45.2,995,995,995,2023-11-06,2,8959.11
996,996,996,9452,1682.01,76.2,996,996,996,2024-07-09,1,2579.75
997,997,997,1811,2811.18,34.5,997,997,997,2023-01-06,1,1104.41
998,998,998,9140,5051.57,16.9,998,998,998,2024-07-21,1,2115.83
999,999,999,1791,3750.04,83.1,999,999,999,2023-08-28,1,3480.06
1000,1000,1000,8268,4945.53,12.9,1000,1000,1000,2022-12-13,2,7587.59
